alphabetic_country_rank,name,url,capital,languages,largest_religion,area_total,population,gdp_nominal_total,gdp_nominal_per_capita,currency,time_zone,observes_dst,calling_code,flag_path,anthem_path,duck_pop_rank,continent,alcohol_consumption,alcohol_consumption_ranked,Total_borders_km,Num_borders,Neighbors,flag_colours
1,Afghanistan,https://en.wikipedia.org/wiki/Afghanistan,Kabul,Pashto Dari,Dharmic Buddhism Hinduism Jainism Sikhism Islam Religious persecution Bangladesh India Pakistan,"652,864 km²",35 million,,,افغانى (AFN),UTC +4:30,0,+93,countries/Afghanistan_flag.png,,,Asia,0.0,191.0,"5,529",6.0,"Iran: 935 km (581 mi); Pakistan: 2,670 km (1,660 mi); Tajikistan: 1,206 km (749 mi); Turkmenistan: 744 km (462 mi); Uzbekistan: 144 km (89 mi); China: 106 km (66 mi)","Black, Green, Red, White"
2,Albania,https://en.wikipedia.org/wiki/Albania,Tirana,Albanian,50.67% Islam 45.86% Sunni 4.81% Bektashism 16.02% Christianity 8.39% Catholicism 7.23% Orthodoxy 0.40% Protestantism 17.37% Irreligion 13.83% Believers without religion 3.55% Atheism 15.92% Undeclared,"28,748 km²",2.4 million,,,(ALL),UTC +1,1,+355,countries/Albania_flag.png,countries/Albania_anthem.ogg,,Europe,2.59,81.0,720,4.0,Greece: 282 km (175 mi); Kosovo: 112 km (70 mi); North Macedonia: 151 km (94 mi); Montenegro: 172 km (107 mi),"Red, Black"
3,Algeria,https://en.wikipedia.org/wiki/Algeria,Algiers,Arabic Berber,99% Sunni Islam ( official ) <1% others,"2,381,741 km²",47.4 million,,,(DZD),UTC +1,0,+213,countries/Algeria_flag.png,countries/Algeria_anthem.mp3,54.0,Africa,0.27,138.0,"6,470",7.0,"Libya: 982 km (610 mi); Mali: 1,376 km (855 mi); Mauritania: 463 km (288 mi); Morocco: 1,559 km (969 mi); Niger: 956 km (594 mi); Tunisia: 1,010 km (630 mi); Western Sahara: 42 km (26 mi)","Green, Red, White"
4,Andorra,https://en.wikipedia.org/wiki/Andorra,Andorra la Vella,Catalan 44.1%,90.8% Christianity 85.5% Catholicism ( official )  5.3% other Christian 6.9% no religion 2.3% others,467.63 km²,"89,000",,,€ (EUR),UTC +1,1,+376,countries/Andorra_flag.png,countries/Andorra_anthem.mp3,,Europe,0.0,149.0,120,2.0,France: 56.6 km (35.2 mi); Spain: 63.7 km (39.6 mi),"Blue, Red, Yellow"
5,Angola,https://en.wikipedia.org/wiki/Angola,Luanda,"Chokwe , Kimbundu , Kikongo , Oshiwambo , Luchazi , Umbundu",79.1% Christianity 44.2% Catholic 34.9% Protestant 11.5% no religion 9.4% other,"1,246,700 km²",36.6 million,,,(AOA),UTC +1,0,+244,countries/Angola_flag.png,countries/Angola_anthem.ogg,,Africa,1.58,98.0,"5,198",4.0,"Democratic Republic of the Congo (2): 2,511 km (1,560 mi); Republic of the Congo: 201 km (125 mi); Namibia: 1,376 km (855 mi); Zambia: 1,110 km (690 mi)","Red, Black, Yellow"
6,Antigua and Barbuda,https://en.wikipedia.org/wiki/Antigua_and_Barbuda,St. John's,English,92.7% Christianity 66.6% Protestantism 26.1% other Christian 3.6% Rastafari 1.9% no religion 1.1% Baháʼí Faith 0.7% other,440 km²,"100,000",,,(XCD),UTC -4,0,+1,countries/Antigua_and_Barbuda_flag.png,countries/Antigua_and_Barbuda_anthem.ogg,,North America,0.0,155.0,0,0.0,,
7,Argentina,https://en.wikipedia.org/wiki/Argentina,Buenos Aires,Spanish,78.2% Christianity 62.9% Catholicism 15.3% other Christian 20.5% no religion 1.3% other,"2,780,085 km²",46.7 million,,,$ (ARS),UTC -3,0,+54,countries/Argentina_flag.png,countries/Argentina_anthem.ogg,25.0,South America,9.58,25.0,"9,665",5.0,"Bolivia: 832 km (517 mi); Brazil: 1,224 km (761 mi); Chile (2): 5,300 km (3,300 mi); Paraguay: 1,880 km (1,170 mi); Uruguay: 579 km (360 mi)","Light Blue, White"
8,Armenia,https://en.wikipedia.org/wiki/Armenia,Yerevan,Armenian,Armenian Apostolic Church Armenian Catholic Church Armenian Evangelical Church Armenian Brotherhood Church Judaism Islam more...,"29,743 km²",3.1 million,,,֏ (AMD),UTC +4,0,+374,countries/Armenia_flag.png,countries/Armenia_anthem.ogg,,Asia,0.84,119.0,"1,254",4.0,Azerbaijan (6): 787 km (489 mi); Georgia: 164 km (102 mi); Iran: 35 km (22 mi); Turkey: 268 km (167 mi),"Red, Blue, Orange"
9,Australia,https://en.wikipedia.org/wiki/Australia,Canberra,English,43.9% Christianity 38.9% no religion 3.2% Islam 2.7% Hinduism 2.4% Buddhism 1.7% other 7.2% unanswered,"7,688,287 km²",27.8 million,,,$ (AUD),UTC +8; +9.5; +10,1,+61,countries/Australia_flag.png,countries/Australia_anthem.ogg,34.0,Oceania,9.55,26.0,0,0.0,,"Blue, Red, White"
10,Austria,https://en.wikipedia.org/wiki/Austria,Vienna,German,68.2% Christianity 55.2% Catholicism 4.9% Orthodoxy 3.8% Protestantism 4.3% other Christian 22.4% no religion 8.3% Islam 1.1% other,"83,879 km²",9.1 million,,,€ (EUR),UTC +1,1,+43,countries/Austria_flag.png,countries/Austria_anthem.ogg,,Europe,11.9,12.0,"2,562",8.0,Czech Republic: 362 km (225 mi); Germany: 784 km (487 mi); Hungary: 366 km (227 mi); Italy: 430 km (270 mi); Liechtenstein: 34 km (21 mi); Slovakia: 96 km (60 mi); Slovenia: 330 km (210 mi); Switzerland (2): 164 km (102 mi),"Red, White"
11,Azerbaijan,https://en.wikipedia.org/wiki/Azerbaijan,Baku,Azerbaijani,97.3% Islam 2.6% Christianity <0.1% other religion <0.1% unaffiliated,"86,600 km²",10.4 million,,,₼ (AZN),UTC +4,0,+994,countries/Azerbaijan_flag.png,countries/Azerbaijan_anthem.ogg,,Asia,4.16,70.0,"2,013",5.0,Armenia (6): 787 km (489 mi); Georgia: 322 km (200 mi); Iran (2): 432 km (268 mi); Russia: 284 km (176 mi); Turkey: 9 km (5.6 mi),"Light Blue, Green, Red"
12,Bahrain,https://en.wikipedia.org/wiki/Bahrain,Manama,Arabic,74.0% Islam ( official ) 26.0% non-Muslim,786.8 km²,1.5 million,,,(BHD),UTC +3,0,+973,countries/Bahrain_flag.png,countries/Bahrain_anthem.ogg,,Asia,0.0,160.0,0.196,1.0,Saudi Arabia: 0.196 km (0.122 mi),"Red, White"
13,Bangladesh,https://en.wikipedia.org/wiki/Bangladesh,Dhaka,Bengali,Dharmic Buddhism Hinduism Jainism Sikhism Islam Religious persecution Bangladesh India Pakistan,"148,460 km²",173.6 million,,,৳ (BDT),UTC +6,0,+880,countries/Bangladesh_flag.png,countries/Bangladesh_anthem.oga,3.0,Asia,0.0,154.0,"4,246",2.0,"India (2), including Dahagram-Angarpota: 4,053 km (2,518 mi); Myanmar: 193 km (120 mi)","Red, Green"
14,Barbados,https://en.wikipedia.org/wiki/Barbados,Bridgetown,English,75.6% Christianity 20.6% No religion 2.0% Baháʼí Faith 1.1% Hinduism 0.7% others,439 km²,"300,000",,,$ (BBD),UTC -4,0,+1,countries/Barbados_flag.png,countries/Barbados_anthem.ogg,,North America,8.37,35.0,0,0.0,,"Blue, Black, Gold"
15,Belarus,https://en.wikipedia.org/wiki/Belarus,Minsk,Belarusian Russian a,91.0% Christianity 83.3% Eastern Orthodoxy 7.7% other Christian 7.8% no religion 1.2% other,"207,600 km²",9.1 million,,,(BYN),UTC +3,0,+375,countries/Belarus_flag.png,countries/Belarus_anthem.ogg,29.0,Europe,8.14,39.0,"2,900",5.0,Latvia: 141 km (88 mi); Lithuania: 502 km (312 mi); Poland: 407 km (253 mi); Russia (2): 959 km (596 mi); Ukraine: 891 km (554 mi),"Red, Green, White"
16,Belgium,https://en.wikipedia.org/wiki/Belgium,City of Brussels,Dutch French German,59% no religion 34% Christianity 31% Catholicism 3% other Christian 6% Islam 1% other,"30,689 km²",11.8 million,,,€ (EUR),UTC +1,1,+32,countries/Belgium_flag.png,countries/Belgium_anthem.mp3,,Europe,10.94,18.0,"1,385",4.0,France: 620 km (390 mi); Germany (6): 167 km (104 mi); Luxembourg: 148 km (92 mi); Netherlands (31): 450 km (280 mi),"Black, Red, Yellow"
17,Belize,https://en.wikipedia.org/wiki/Belize,Belmopan,English,61.9% Christianity 31.8% no religion 6.3% other,"22,966 km²","400,000",,,$ (BZD),UTC -6,0,+501,countries/Belize_flag.png,countries/Belize_anthem.ogg,,North America,5.85,56.0,516,2.0,Guatemala: 266 km (165 mi); Mexico: 250 km (160 mi),"Blue, Red, White"
18,Benin,https://en.wikipedia.org/wiki/Benin,Porto-Novo,List: Arabic English Aguna Aja Alada Fon Gbe Gen Gun Pherá Phla Tofin Tɔli Waci Berba Kabye Lama Lukpa Mbelime Mossi Nateni Ngangam Tammari Tem Waama Yom Kwa Chakosi Foodo Ede Ifè Mokole Yoruba Yoruboid Bariba Dendi Fula Hausa,52.2% Christianity 24.6% Islam 17.9% traditional faiths 5.2% no religion 0.1% other,"114,763 km²",13.8 million,,,(XOF),UTC +1,0,+229,countries/Benin_flag.png,countries/Benin_anthem.ogg,,Africa,1.39,103.0,"1,989",4.0,Burkina Faso: 306 km (190 mi); Niger: 266 km (165 mi); Nigeria: 773 km (480 mi); Togo: 644 km (400 mi),"Green, Red, Yellow"
19,Bhutan,https://en.wikipedia.org/wiki/Bhutan,Thimphu,Dzongkha,Dharmic Buddhism Hinduism Jainism Sikhism Islam Religious persecution Bangladesh India Pakistan,"38,394 km²","800,000",,,(BTN) ₹,UTC +6,0,+975,countries/Bhutan_flag.png,,,Asia,0.0,156.0,"1,075",2.0,People's Republic of China: 470 km (290 mi); India: 605 km (376 mi),"Fulvous, Gold, White"
20,Bolivia,https://en.wikipedia.org/wiki/Bolivia,Sucre,Spanish Quechua Aymara Guarani Other indigenous languages,Christianity Roman Catholicism Mennonitism Methodism Mormonism Other Protestant Folk Religion Ekeko Pachamama Tiw Anchanchu El Tío Islam Judaism,"1,098,581 km²",11.4 million,,,(BOB),UTC -4,0,+591,countries/Bolivia_flag.png,countries/Bolivia_anthem.ogg,35.0,South America,3.35,77.0,"6,743",5.0,"Argentina: 832 km (517 mi); Brazil: 3,400 km (2,100 mi); Chile: 861 km (535 mi); Paraguay: 750 km (470 mi); Peru: 900 km (560 mi)","Red, Green, Yellow"
21,Bosnia and Herzegovina,https://en.wikipedia.org/wiki/Bosnia_and_Herzegovina,Sarajevo,bosnian,51.3% Islam 46.1% Christianity 30.7% Eastern Orthodox 15.4% Catholicism 2.60% Others,"51,209 km²",2.9 million,,,(BAM),UTC +1,1,+387,countries/Bosnia_and_Herzegovina_flag.png,,,Europe,8.25,37.0,"1,459",3.0,Croatia (2): 932 km (579 mi); Montenegro: 225 km (140 mi); Serbia (2): 302 km (188 mi),
22,Botswana,https://en.wikipedia.org/wiki/Botswana,Gaborone,Tswana,79.1% Christianity 70.2% Protestantism 8.9% other Christian 15.2% no religion 4.1% Badimo 1.4% others  0.3% unspecified,"581,730 km²",2.4 million,,,(BWP),UTC +2,0,+267,countries/Botswana_flag.png,countries/Botswana_anthem.ogg,,Africa,2.68,80.0,"4,015",4.0,"Namibia: 1,360 km (850 mi); South Africa: 1,840 km (1,140 mi); Zambia: 0.15 km (0.093 mi); Zimbabwe: 813 km (505 mi)","Light Blue, Black, White"
23,Brazil,https://en.wikipedia.org/wiki/Brazil,Brasília,Portuguese,Freedom of religion Baháʼí Buddhism Christianity Catholicism Armenian Catholic Maronite Melkite Ukrainian Catholic Eastern Orthodoxy Antiochian LDS Protestantism Islam Hinduism Judaism Syncretic Religions Candomblé Quimbanda Umbanda,"8,515,767 km²",213.4 million,,,R$ (BRL),UTC -2 to -5,0,+55,countries/Brazil_flag.png,countries/Brazil_anthem.mp3,24.0,South America,5.57,60.0,"14,691",10.0,"Argentina: 1,224 km (761 mi); Bolivia: 3,400 km (2,100 mi); Colombia: 1,643 km (1,021 mi); French Guiana (France): 673 km (418 mi); Guyana: 1,119 km (695 mi); Paraguay: 1,290 km (800 mi); Peru: 2,995 km (1,861 mi); Suriname: 597 km (371 mi); Uruguay: 985 km (612 mi); Venezuela: 2,200 km (1,400 mi)","Green, Blue, Gold"
24,Brunei,https://en.wikipedia.org/wiki/Brunei,Bandar Seri Begawan,Malay,80.7% Sunni Islam ( official ) 10.7% Christianity 7.8% Buddhism 0.8% other (includes Indigenous beliefs ),"5,765 km²","500,000",,,(BND),UTC +8,0,+673,countries/Brunei_flag.png,countries/Brunei_anthem.oga,,Asia,0.75,120.0,381,1.0,Malaysia (2): 381 km (237 mi),
25,Bulgaria,https://en.wikipedia.org/wiki/Bulgaria,Sofia,Bulgarian,64.7% Christianity 62.7% Bulgarian Orthodoxy 2.0% other Christian 15.9% no religion 9.8% Islam 0.1% other 9.5% unanswered,"110,993.6 km²",6.4 million,,,€ (EUR),UTC +2,1,+359,countries/Bulgaria_flag.png,countries/Bulgaria_anthem.ogg,,Europe,9.52,27.0,"1,808",5.0,Greece: 494 km (307 mi); North Macedonia: 148 km (92 mi); Romania: 608 km (378 mi); Serbia: 318 km (198 mi); Turkey: 240 km (150 mi),"White, Green, Red"
26,Burkina Faso,https://en.wikipedia.org/wiki/Burkina_Faso,Ouagadougou,"Mooré , Dyula and Fula , alongside any other languages so recognized by law",63.8% Islam 26.3% Christianity 20.1% Catholicism 6.2% Protestantism 9% Animism 0.7% irreligion,"274,223 km²",22.5 million,,,(XOF),UTC ±0,0,+226,countries/Burkina_Faso_flag.png,countries/Burkina_Faso_anthem.oga,,Africa,0.45,132.0,"3,193",6.0,"Benin: 306 km (190 mi); Côte d'Ivoire: 584 km (363 mi); Ghana: 549 km (341 mi); Mali: 1,000 km (620 mi); Niger: 628 km (390 mi); Togo: 126 km (78 mi)","Red, Green, Yellow"
27,Burundi,https://en.wikipedia.org/wiki/Burundi,Gitega,Kirundi,93.4% Christianity 63.7% Catholicism 25.2% Protestantism 4.5% other Christian 4.3% traditional faiths 2.1% Islam 0.2% other / none,"27,834 km²",14.2 million,,,(FBu) (BIF),UTC +2,0,+257,countries/Burundi_flag.png,countries/Burundi_anthem.ogg,,Africa,1.17,109.0,974,3.0,Democratic Republic of the Congo: 233 km (145 mi); Rwanda: 290 km (180 mi); Tanzania: 451 km (280 mi),"Red, Green, White"
28,Cambodia,https://en.wikipedia.org/wiki/Cambodia,Phnom Penh,Khmer,96.5% Buddhism ( official )  2.6% Islam 0.3% Christianity 0.5% others,"181,035 km²",17.6 million,,,៛ KHR ; de jure and de facto $ USD ; de facto,UTC +7,0,+855,countries/Cambodia_flag.png,countries/Cambodia_anthem.mp3,13.0,Asia,0.34,137.0,"2,572",3.0,"Laos: 541 km (336 mi); Thailand: 803 km (499 mi); Vietnam: 1,228 km (763 mi)","Red, Blue, White"
29,Cameroon,https://en.wikipedia.org/wiki/Cameroon,Yaoundé,French • English,66.3% Christianity 30.6% Islam 1.3% traditional faiths 1.1% no religion 0.7% others,"475,442 km²",31 million,,,(XAF),UTC +1,0,+237,countries/Cameroon_flag.png,countries/Cameroon_anthem.ogg,,Africa,1.58,99.0,"4,591",6.0,"Central African Republic: 797 km (495 mi); Chad: 1,094 km (680 mi); Republic of the Congo: 523 km (325 mi); Equatorial Guinea: 189 km (117 mi); Gabon: 298 km (185 mi); Nigeria: 1,690 km (1,050 mi)","Red, Green, Yellow"
30,Canada,https://en.wikipedia.org/wiki/Canada,Ottawa,English French,Christianity,"9,093,507 km²",41.6 million,,,$ (CAD),UTC -3.5 to -8,1,+1,countries/Canada_flag.png,countries/Canada_anthem.ogg,31.0,North America,7.52,46.0,"8,894",2.0,"United States (4): 8,893 km (5,526 mi); Greenland (Denmark): 1.2 km (0.75 mi)","Red, White"
31,Cape Verde,https://en.wikipedia.org/wiki/Cape_Verde,Praia,Cape Verdean Creole,81.7% Christianity 72.5% Catholicism 9.2% other Christian 15.6% no religion 1.3% Islam 1.2% others,"4,033 km²","500,000",,,(CVE),UTC -1,0,+238,countries/Cape_Verde_flag.png,countries/Cape_Verde_anthem.ogg,,Africa,3.86,74.0,0,0.0,,
32,Central African Republic,https://en.wikipedia.org/wiki/Central_African_Republic,Bangui,Sango,73.2% Christianity 13.9% Islam 12.0% traditional faiths 0.9% other / none,"622,984 km²",5.7 million,,,(XAF),UTC +1,0,+236,countries/Central_African_Republic_flag.png,countries/Central_African_Republic_anthem.ogg,,Africa,0.7,122.0,"5,213",6.0,"Cameroon: 797 km (495 mi); Chad: 1,197 km (744 mi); Democratic Republic of the Congo: 1,577 km (980 mi); Republic of the Congo: 467 km (290 mi); South Sudan: 682 km (424 mi); Sudan: 483 km (300 mi)","Blue, Green, Red, White, Yellow"
33,Chad,https://en.wikipedia.org/wiki/Chad,N'Djamena,Arabic French,55.1% Islam 41.1% Christianity 2.4% no religion 1.3% Animism 0.1% others,"1,280,000 km²",19.1 million,,,(XAF),UTC +1,0,+235,countries/Chad_flag.png,countries/Chad_anthem.mp3,,Africa,0.23,140.0,"5,968",6.0,"Cameroon: 1,094 km (680 mi); Central African Republic: 1,197 km (744 mi); Libya: 1,055 km (656 mi); Niger: 1,175 km (730 mi); Nigeria: 87 km (54 mi); Sudan: 1,360 km (850 mi)","Blue, Red, Yellow"
34,Chile,https://en.wikipedia.org/wiki/Chile,Santiago,Spanish,70% Christianity 54% Catholicism 16% Protestantism 26% no religion 4% other,"756,101.96 km²",19.6 million,,,(CLP),"UTC -3, -4, -6",1,+56,countries/Chile_flag.png,countries/Chile_anthem.ogg,,South America,7.06,47.0,"6,171",3.0,"Argentina (2): 5,300 km (3,300 mi); Bolivia: 861 km (535 mi); Peru: 160 km (99 mi)","Red, Blue, White"
35,China,https://en.wikipedia.org/wiki/China,Beijing,Standard Chinese (de facto),Buddhism Chinese Buddhism Tibetan Buddhism Confucianism Folk religion Christianity Catholic Church in China Protestantism Freedom of religion History of religion Irreligion Islam Taoism,"9,596,961 km²",1404.9 million,,,元/¥ (CNY),UTC +8,0,+86 (Mainland) +852 (Hong Kong) +853 (Macau),countries/China_flag.png,countries/China_anthem.ogg,1.0,Asia,5.39,62.0,,,,"Red, Gold"
36,Colombia,https://en.wikipedia.org/wiki/Colombia,Bogotá,Spanish,70% Catholicism 17% other Christian 11% no religion 1.9% other,"1,141,748 km²",52.7 million,,,(COP),UTC -5,0,+57,countries/Colombia_flag.png,countries/Colombia_anthem.ogg,,South America,6.41,52.0,"6,004",5.0,"Brazil: 1,643 km (1,021 mi); Ecuador: 590 km (370 mi); Panama: 225 km (140 mi); Peru: 1,496 km (930 mi); Venezuela: 2,050 km (1,270 mi)","Yellow, Blue, Red"
37,Comoros,https://en.wikipedia.org/wiki/Comoros,Moroni,Comorian French Arabic,Islam,"2,035 km²","900,000",,,(KMF),UTC +3,0,+269,countries/Comoros_flag.png,countries/Comoros_anthem.oga,,Africa,0.0,153.0,0,0.0,,"Yellow, Blue, Green, Red, White"
38,Costa Rica,https://en.wikipedia.org/wiki/Costa_Rica,San José,Spanish,72.6% Christianity 47.5% Catholicism ( official )  22.5% Protestantism 2.6% other Christian 27.0% no religion 0.4% others,"51,179.92 km²",5.2 million,,,(CRC),UTC -6,0,+506,countries/Costa_Rica_flag.png,countries/Costa_Rica_anthem.ogg,,North America,5.72,58.0,639,2.0,Nicaragua: 309 km (192 mi); Panama: 330 km (210 mi),"Blue, Red, White"
39,Croatia,https://en.wikipedia.org/wiki/Croatia,Zagreb,Croatian,87.4% Christianity 79.0% Catholicism 3.3% Orthodoxy 5.1% other Christian 6.4% no religion 1.3% Islam 1.9% other 3.9% undeclared,"56,561 km²",3.9 million,,,€ (EUR),UTC +1,1,+385,countries/Croatia_flag.png,countries/Croatia_anthem.ogg,56.0,Europe,11.75,13.0,"2,197",5.0,Bosnia and Herzegovina (2): 932 km (579 mi); Hungary: 329 km (204 mi); Montenegro: 25 km (16 mi); Serbia: 241 km (150 mi); Slovenia: 670 km (420 mi),"Red, Blue, White"
40,Cuba,https://en.wikipedia.org/wiki/Cuba,Havana,Spanish,58.9% Christianity 23.2% no religion 17.6% folk religions 0.3% other,"110,860 km²",9.7 million,,,(CUP),UTC -5,1,+53,countries/Cuba_flag.png,countries/Cuba_anthem.mp3,,North America,3.53,76.0,0,0.0,United States: 29 km (18 mi),"Blue, Red, White"
41,Cyprus,https://en.wikipedia.org/wiki/Cyprus,Nicosia,Greek Turkish,72.3% Christianity 25.0% Islam 1.9% no religion 0.8% other,"9,251 km²","900,000",,,€ (EUR),UTC +2,1,+357,countries/Cyprus_flag.png,countries/Cyprus_anthem.oga,,Europe,10.0,21.0,152,1.0,Akrotiri and Dhekelia (United Kingdom) (6): 152 km (94 mi),"Olive Green, Orange, White"
42,Czech Republic,https://en.wikipedia.org/wiki/Czech_Republic,Prague,Czech,56.9% no religion 11.7% Christianity 9.3% Catholicism 2.4% other Christian 1.2% other 30.1% unanswered,"78,871 km²",10.9 million,,,(CZK),UTC +1,1,+420,countries/Czech_Republic_flag.png,countries/Czech_Republic_anthem.ogg,,,14.35,3.0,"1,881",4.0,Austria: 362 km (225 mi); Germany: 815 km (506 mi); Poland: 658 km (409 mi); Slovakia: 215 km (134 mi),"Blue, Red, White"
43,Democratic Republic of the Congo,https://en.wikipedia.org/wiki/Democratic_Republic_of_the_Congo,Kinshasa,Kikongo ya leta  Lingala Swahili Luba-Kasai,95.4% Christianity 2.6% traditional faiths 1.5% Islam 0.5% others / none,"2,345,409 km²",124.4 million,,,(CDF),UTC +1 to +2,0,+243,countries/Democratic_Republic_of_the_Congo_flag.png,countries/Democratic_Republic_of_the_Congo_anthem.mp3,,,0.21,142.0,"10,730",9.0,"Angola (2): 2,511 km (1,560 mi); Burundi: 233 km (145 mi); Central African Republic: 1,577 km (980 mi); Republic of the Congo: 2,410 km (1,500 mi); Rwanda: 217 km (135 mi); South Sudan: 628 km (390 mi); Tanzania: 459 km (285 mi); Uganda: 765 km (475 mi); Zambia: 1,930 km (1,200 mi)","Blue, Red, Yellow"
44,Denmark,https://en.wikipedia.org/wiki/Denmark,Copenhagen,Danish,71.4% Lutheranism ( official )  4.3% Islam 24.3% Other / none,"43,094 km²",6 million,,,,UTC +1,1,+45,countries/Denmark_flag.png,countries/Denmark_anthem.mp3,55.0,Europe,12.15,10.0,68,1.0,Germany: 68 km (42 mi),"Red, White"
45,Djibouti,https://en.wikipedia.org/wiki/Djibouti,Djibouti City,Somali Afar,94% Islam ( official ) 87% Sunni 8% Non-denominational 2% Shia 3% Other  6% Christianity,"23,200 km²",1.1 million,,,(DJF),UTC +3,0,+253,countries/Djibouti_flag.png,countries/Djibouti_anthem.mp3,,Africa,0.47,130.0,528,3.0,Eritrea: 125 km (78 mi); Ethiopia: 342 km (213 mi); Somaliland: 61 km (38 mi),"Light Blue, Green, Red, White"
46,Dominica,https://en.wikipedia.org/wiki/Dominica,Roseau,English,94.4% Christianity 3.0% folk religions 1.7% other 0.9% none,750 km²,"72,000",,,(XCD),UTC -4,0,+1,countries/Dominica_flag.png,countries/Dominica_anthem.ogg,,North America,0.0,163.0,0,0.0,,"Green, Black, Red, White, Yellow"
47,Dominican Republic,https://en.wikipedia.org/wiki/Dominican_Republic,Santo Domingo,Spanish,74.6% Christianity 52.5% Catholicism 21.0% Protestantism 1.1% other Christian 22.0% no religion 1.4% other 2.0% unspecified,"48,671 km²",11.5 million,,,(DOP),UTC -4,0,+1,countries/Dominican_Republic_flag.png,countries/Dominican_Republic_anthem.ogg,,North America,5.9,55.0,360,1.0,Haiti: 360 km (220 mi),"Blue, Red, White"
48,Ecuador,https://en.wikipedia.org/wiki/Ecuador,Quito,Spanish,89.3% Christianity 68.2% Catholic 18% Evangelical 3.1% other 8.9% no religion 2% other,"283,561 km²",17.5 million,,,(USD),UTC -5 / -6,0,+593,countries/Ecuador_flag.png,countries/Ecuador_anthem.ogg,41.0,South America,1.66,96.0,"2,010",2.0,"Colombia: 590 km (370 mi); Peru: 1,420 km (880 mi)","Yellow, Blue, Red"
49,Egypt,https://en.wikipedia.org/wiki/Egypt,Cairo,Egyptian Arabic,See Religion in Egypt,"1,010,408 km²",107.9 million,,,LE/E£/£E (EGP),UTC +2,1,+20,countries/Egypt_flag.png,countries/Egypt_anthem.ogg,17.0,Africa,0.53,129.0,"2,665",4.0,"Gaza Strip (State of Palestine): 11 km (6.8 mi); Israel: 266 km (165 mi); Libya: 1,115 km (693 mi); Sudan: 1,273 km (791 mi)","Black, Gold, Red, White"
50,El Salvador,https://en.wikipedia.org/wiki/El_Salvador,San Salvador,Spanish,81.5% Christianity 42.2% Catholicism 36.6% Protestantism 2.7% other Christian 17% no religion 1.5% other,"21,041 km²",6 million,,,"USD ; since 2001 no longer in circulation, still legal",UTC -6,0,+503,countries/El_Salvador_flag.png,countries/El_Salvador_anthem.mp3,,North America,2.54,83.0,545,2.0,Guatemala: 203 km (126 mi); Honduras: 342 km (213 mi),"Blue, Gold, White"
51,Equatorial Guinea,https://en.wikipedia.org/wiki/Equatorial_Guinea,Ciudad de la Paz,Spanish French  Portuguese,88.7% Christianity 5.0% no religion 4.0% Islam 1.7% traditional faiths 0.6% others,"28,050 km²",1.8 million,,,(XAF),UTC +1,0,+240,countries/Equatorial_Guinea_flag.png,countries/Equatorial_Guinea_anthem.mp3,58.0,Africa,0.0,190.0,539,2.0,Cameroon: 189 km (117 mi); Gabon: 350 km (220 mi),"Green, Blue, Red, White"
52,Eritrea,https://en.wikipedia.org/wiki/Eritrea,Asmara,List Tigrinya Tigre Kunama Saho Afar Bilen Nara Beja Arabic,See Religion in Eritrea,"120,000 km²",3.5 million,,,(ERN),UTC +3,0,+291,countries/Eritrea_flag.png,countries/Eritrea_anthem.ogg,,Africa,0.95,116.0,"1,626",3.0,Djibouti: 125 km (78 mi); Ethiopia: 912 km (567 mi); Sudan: 605 km (376 mi),"Green, Blue, Red, Yellow"
53,Estonia,https://en.wikipedia.org/wiki/Estonia,Tallinn,Estonian,58.4% irreligion 26.7% Christianity 16.3% Eastern Orthodoxy 7.7% Lutheranism 2.7% other Christian 12.7% undeclared 2.1% other,"45,335 km²",1.4 million,,,€ (EUR),UTC +2,1,+372,countries/Estonia_flag.png,countries/Estonia_anthem.ogg,,Europe,8.07,41.0,633,2.0,Latvia: 339 km (211 mi); Russia: 294 km (183 mi),"Blue, Black, White"
54,Eswatini,https://en.wikipedia.org/wiki/Eswatini,Mbabane (executive) Lobamba (legislative),Swazi English,89.3% Christianity 84.2% Protestantism 3.7% Roman Catholic 1.4% other Christian 7.4% no religion 2.5% traditional faiths 0.8% others,"17,364 km²",1.2 million,,,(SZL) (ZAR),UTC +2,0,+268,countries/Eswatini_flag.png,countries/Eswatini_anthem.ogg,,Africa,1.18,107.0,535,2.0,Mozambique: 105 km (65 mi); South Africa: 430 km (270 mi),"Black, Blue, Red, White, Yellow"
55,Ethiopia,https://en.wikipedia.org/wiki/Ethiopia,Addis Ababa,Afar Amharic Oromo Somali Tigrinya,67.3% Christianity 43.8% Ethiopian Orthodoxy 22.8% P'ent'ay 0.7% other Christian 31.3% Islam 0.6% traditional faiths 0.8% others / none,"1,104,300 km²",135.5 million,,,(ETB),UTC +3,0,+251,countries/Ethiopia_flag.png,countries/Ethiopia_anthem.ogg,,Africa,1.02,112.0,"5,328",6.0,"Djibouti: 342 km (213 mi); Eritrea: 912 km (567 mi); Kenya: 861 km (535 mi); Somalia: 1,600 km (990 mi); South Sudan: 883 km (549 mi); Sudan: 723 km (449 mi)","Green, Blue, Red, Yellow"
56,Federated States of Micronesia,https://en.wikipedia.org/wiki/Federated_States_of_Micronesia,Palikir,English,v t e Religion in Oceania Sovereign states Australia Federated States of Micronesia Fiji Indonesia Kiribati Marshall Islands Nauru New Zealand Palau Papua New Guinea Samoa Solomon Islands Tonga Tuvalu Vanuatu Associated states of New Zealand Cook Islands Niue Dependencies and other territories American Samoa Christmas Island Cocos (Keeling) Islands Easter Island French Polynesia Guam Hawaii New Caledonia Norfolk Island Northern Mariana Islands Pitcairn Islands Tokelau Wallis and Futuna,702 km²,"100,000",,,(USD),UTC +10 and +11,0,+691,countries/Federated_States_of_Micronesia_flag.png,countries/Federated_States_of_Micronesia_anthem.ogg,,,,,0,0.0,,
57,Fiji,https://en.wikipedia.org/wiki/Fiji,Suva,Fijian  English  Standard Hindi Fiji Hindi,64.4% Christianity 34.6% Methodism 29.8% other Christian 27.9% Hinduism 6.3% Islam 1.4% others / none,"18,274 km²","900,000",,,(FJD),UTC +12,0,+679,countries/Fiji_flag.png,countries/Fiji_anthem.ogg,50.0,Oceania,1.82,92.0,0,0.0,,"Dark Blue, Gold, Light Blue, Red, White"
58,Finland,https://en.wikipedia.org/wiki/Finland,Helsinki,Sámi Karelian Finnish Kalo Finnish Sign Language Finland-Swedish Sign Language,64.2% Christianity 62.2% Lutheranism 1.0% Eastern Orthodoxy 1.0% other Christian 34.9% no religion 2.0% other,"338,455 km²",5.6 million,,,€ (EUR),UTC +2,1,+358,countries/Finland_flag.png,countries/Finland_anthem.ogg,,Europe,8.26,36.0,"2,690",3.0,"Norway: 736 km (457 mi); Sweden (2): 614 km (382 mi); Russia: 1,340 km (830 mi)","White, Blue"
59,France,https://en.wikipedia.org/wiki/France,Paris,French,50% Christianity 33% irreligion 4% Islam 4% other religions,"632,702.3 km²",69.1 million,,,€ (EUR) (XPF),UTC +1,1,+33,countries/France_flag.png,countries/France_anthem.ogg,6.0,Europe,13.74,6.0,"2,889",8.0,Andorra: 56.6 km (35.2 mi); Belgium: 620 km (390 mi); Germany: 451 km (280 mi); Italy: 488 km (303 mi); Luxembourg: 73 km (45 mi); Monaco: 4.4 km (2.7 mi); Spain (3): 623 km (387 mi); Switzerland: 573 km (356 mi),"Blue, Red, White"
60,Gabon,https://en.wikipedia.org/wiki/Gabon,Libreville,French,80.2% Christianity 10.8% Islam 7.0% no religion 1.1% traditional faiths 0.9% others,"267,668 km²",2.4 million,,,(XAF),UTC +1,0,+241,countries/Gabon_flag.png,countries/Gabon_anthem.ogg,,Africa,6.76,50.0,"2,551",3.0,"Cameroon: 298 km (185 mi); Republic of the Congo: 1,903 km (1,182 mi); Equatorial Guinea: 350 km (220 mi)","Green, Blue, Yellow"
61,Georgia (country),https://en.wikipedia.org/wiki/Georgia_(country),Tbilisi,Georgian,87.3% Christianity 83.4% Georgian Orthodoxy 3.9% other Christian 10.7% Islam 2% other / none,"69,700 km²",3.7 million,,,₾ (GEL),UTC +4,0,+995,countries/Georgia_(country)_flag.png,countries/Georgia_(country)_anthem.ogg,,,,,,,,"Red, White"
62,Germany,https://en.wikipedia.org/wiki/Germany,Berlin,German,Christianity,"357,022 km²",83.5 million,,,€ (EUR),UTC +1,1,+49,countries/Germany_flag.png,countries/Germany_anthem.ogg,,Europe,11.67,14.0,"3,621",9.0,Austria: 784 km (487 mi); Belgium (6): 167 km (104 mi); Czech Republic: 815 km (506 mi); Denmark: 68 km (42 mi); France: 451 km (280 mi); Luxembourg: 138 km (86 mi); Netherlands: 577 km (359 mi); Poland: 456 km (283 mi); Switzerland (2): 334 km (208 mi),"Black, Gold, Red"
63,Ghana,https://en.wikipedia.org/wiki/Ghana,Accra,English,Christianity Methodist Presbyterian Catholicism Islam Ahmadiyya Hinduism,"240,000 km²",35 million,,,(GHS),UTC ±0,0,+233,countries/Ghana_flag.png,countries/Ghana_anthem.mp3,,Africa,0.41,135.0,"2,094",3.0,Burkina Faso: 549 km (341 mi); Côte d'Ivoire: 668 km (415 mi); Togo: 877 km (545 mi),"Red, Black, Green, Yellow"
64,Greece,https://en.wikipedia.org/wiki/Greece,Athens,Greek,"Ancient religion ( Origins , Modern Revival ) Aerico Atheism Buddhism Catholicism Drosoulites Eastern Orthodox Church (Timeline: Antiquity , Early Middle Ages , Late Middle Ages , Early Modern Era , 19th century , Early 20th century , Late 20th century , Contemporary ) Fairy tales Gello Greek Orthodox Church ( Ecumenical Patriarchate of Constantinople , Church of Greece , Flag ) Greek Old Calendarists Hinduism Hypertimos Islam Judaism ( History ) Kallikantzaros Lamia Mormo Mount Athos Mythology ( Primordial deities , Titans , Twelve Olympians , Heracles , Odysseus , Jason , Oedipus , Perseus , Daedalus , Orpheus , Theseus , Bellerephon , Satyr , Centaur ) Nymph Protestantism Psychai Sikhism Thymiaterion Name days Vrykolakas Wayside shrine","131,957 km²",10.4 million,,,€ (EUR),UTC +2,1,+30,countries/Greece_flag.png,countries/Greece_anthem.oga,,Europe,10.41,20.0,"1,228",4.0,Albania: 282 km (175 mi); Bulgaria: 494 km (307 mi); Turkey: 206 km (128 mi); North Macedonia: 246 km (153 mi),"Blue, White"
65,Grenada,https://en.wikipedia.org/wiki/Grenada,St. George's,English,96.6% Christianity 48.8% Protestantism 39.2% Catholicism 8.6% other Christian 1.3% Hinduism 1.0% no religion 0.7% Rastafari 0.4% other,344 km²,"100,000",,,(XCD),UTC -4,0,+1,countries/Grenada_flag.png,countries/Grenada_anthem.ogg,,North America,0.0,179.0,0,0.0,,"Green, Red, Yellow"
66,Guatemala,https://en.wikipedia.org/wiki/Guatemala,Guatemala City,Mayan,88.1% Christianity 45.7% Protestantism 42.4% Catholicism 11% no religion 0.9% other,"108,889 km²",18.3 million,,,(GTQ),UTC -6,0,+502,countries/Guatemala_flag.png,countries/Guatemala_anthem.oga,,North America,1.99,90.0,"1,687",4.0,Belize: 266 km (165 mi); El Salvador: 203 km (126 mi); Honduras: 256 km (159 mi); Mexico: 962 km (598 mi),"Blue, White"
67,Guinea,https://en.wikipedia.org/wiki/Guinea,Conakry,French,85.2% Islam 13.4% Christianity 0.2% animism 1.2% none,"245,857 km²",14 million,,,(GNF),UTC ±0,0,+224,countries/Guinea_flag.png,countries/Guinea_anthem.oga,,Africa,0.17,145.0,"3,399",6.0,Côte d'Ivoire: 610 km (380 mi); Guinea-Bissau: 386 km (240 mi); Liberia: 563 km (350 mi); Mali: 858 km (533 mi); Senegal: 330 km (210 mi); Sierra Leone: 652 km (405 mi),"Red, Green, Yellow"
68,Guinea-Bissau,https://en.wikipedia.org/wiki/Guinea-Bissau,Bissau,Portuguese,46.1% Islam 30.6% Traditional 18.9% Christianity 3% No religion 1% others,"36,125 km²",2.1 million,,,(XOF),UTC ±0,0,+245,countries/Guinea-Bissau_flag.png,countries/Guinea-Bissau_anthem.ogg,,Africa,1.59,97.0,724,2.0,Guinea: 386 km (240 mi); Senegal: 338 km (210 mi),"Red, Black, Green, Yellow"
69,Guyana,https://en.wikipedia.org/wiki/Guyana,Georgetown,English,55.5% Christianity 31.0% Hinduism 9.5% Islam 4.2% no religion 3.3% others,"214,969 km²","1,000,000",,,(GYD),UTC -4,0,+592,countries/Guyana_flag.png,countries/Guyana_anthem.ogg,,South America,14.03,5.0,"2,462",3.0,"Brazil: 1,119 km (695 mi); Suriname: 600 km (370 mi); Venezuela: 743 km (462 mi)","Black, Green, Red, White, Yellow"
70,Haiti,https://en.wikipedia.org/wiki/Haiti,Port-au-Prince,Haitian Creole French,87.0% Christianity 10.7% no religion 2.1% Haitian Vodou 0.2% other,"27,700 km²",11.5 million,,,(G) (HTG),UTC -5,1,+509,countries/Haiti_flag.png,countries/Haiti_anthem.ogg,43.0,North America,6.55,51.0,360,1.0,Dominican Republic: 360 km (220 mi),"Blue, Red"
71,Honduras,https://en.wikipedia.org/wiki/Honduras,Tegucigalpa,Spanish,Christianity,"112,492 km²",9.6 million,,,(HNL),UTC -6,0,+504,countries/Honduras_flag.png,countries/Honduras_anthem.ogg,,North America,2.41,84.0,"1,520",3.0,Guatemala: 256 km (159 mi); El Salvador: 342 km (213 mi); Nicaragua: 922 km (573 mi),"Blue, White"
72,Hungary,https://en.wikipedia.org/wiki/Hungary,Budapest,Hungarian,42.5% Christianity 27.5% Catholicism 15% other Christian 40.1% no answer 16.1% irreligion 1.3% others,"93,030 km²",9.6 million,,,(HUF),UTC +1,1,+36,countries/Hungary_flag.png,countries/Hungary_anthem.ogg,21.0,Europe,12.85,9.0,"2,171",7.0,Austria: 366 km (227 mi); Croatia: 329 km (204 mi); Romania: 443 km (275 mi); Serbia: 151 km (94 mi); Slovakia: 677 km (421 mi); Slovenia: 102 km (63 mi); Ukraine: 103 km (64 mi),"Red, Green, White"
73,Iceland,https://en.wikipedia.org/wiki/Iceland,Reykjavík,Icelandic,72.4% Christianity 60.9% Church of Iceland ( official )  11.5% other Christian 25.2% no religion 1.5% Ásatrúarfélagið 0.9% other,"103,125 km²","400,000",,,(ISK),UTC ±0,0,+354,countries/Iceland_flag.png,countries/Iceland_anthem.mp3,,Europe,4.88,65.0,0,0.0,,"Blue, Red, White"
74,India,https://en.wikipedia.org/wiki/India,New Delhi,Hindi English,Dharmic Buddhism Hinduism Jainism Sikhism Islam Religious persecution Bangladesh India Pakistan,"3,287,263 km²",1428.6 million,,,,UTC +5:30,0,+91,countries/India_flag.png,countries/India_anthem.ogg,5.0,Asia,0.99,114.0,"14,209",6.0,"Bangladesh (2): 4,053 km (2,518 mi); Bhutan: 605 km (376 mi); People's Republic of China (3): 3,488 km (2,167 mi); Myanmar: 1,463 km (909 mi); Nepal: 1,690 km (1,050 mi); Pakistan: 3,320 km (2,060 mi)","Blue, Green, Saffron Orange, White"
75,Indonesia,https://en.wikipedia.org/wiki/Indonesia,Jakarta,Indonesian,Islam Christianity Catholicism Protestantism Hinduism Buddhism Confucianism Judaism Sikhism,"1,904,569 km²",288,,,(Rp) (IDR),"UTC +7, +8, +9",0,+62,countries/Indonesia_flag.png,countries/Indonesia_anthem.ogg,4.0,Asia,0.13,148.0,"2,830",3.0,"East Timor (2): 228 km (142 mi); Malaysia: 1,782 km (1,107 mi); Papua New Guinea: 820 km (510 mi)","Red, White"
76,Iran,https://en.wikipedia.org/wiki/Iran,Tehran,Persian,Islam Baháʼí Faith ( persecution ) Christianity Zoroastrians ( persecution ) Freedom of religion,"1,648,195 km²",92.4 million,,,ریال (IRR),UTC +3:30,0,+98,countries/Iran_flag.png,countries/Iran_anthem.oga,30.0,Asia,0.0,177.0,"5,440",7.0,"Afghanistan: 936 km (582 mi); Armenia: 35 km (22 mi); Azerbaijan (2): 611 km (380 mi); Iraq: 1,458 km (906 mi); Pakistan: 959 km (596 mi); Turkey: 499 km (310 mi); Turkmenistan: 992 km (616 mi)","Green, Red, White"
77,Iraq,https://en.wikipedia.org/wiki/Iraq,Baghdad,Arabic Kurdish,"90–95% Islam ( official ) 61% Shia 35% Sunni 5–10% Christianity , Mandaeism , Yazidism , Judaism , Yarsanism , irreligion and others","438,317 km²",46.1 million,,,(IQD),UTC +3,0,+964,countries/Iraq_flag.png,countries/Iraq_anthem.ogg,,Asia,0.61,125.0,"3,650",6.0,"Iran: 1,458 km (906 mi); Jordan: 181 km (112 mi); Kuwait: 240 km (150 mi); Saudi Arabia: 814 km (506 mi); Syria: 605 km (376 mi); Turkey: 352 km (219 mi)","Red, Black, Green, White"
78,Israel,https://en.wikipedia.org/wiki/Israel,Jerusalem ( limited recognition ),Hebrew,73.7% Judaism 18.3% Islam 1.9% Christianity 1.6% Druze faith 4.5% others,"20,770 km²",10.1 million,,,₪ (ILS),UTC +2,1,+972,countries/Israel_flag.png,countries/Israel_anthem.ogg,47.0,Asia,1.75,94.0,"1,017",5.0,Egypt: 266 km (165 mi); Gaza Strip (State of Palestine): 51 km (32 mi); Jordan: 238 km (148 mi); Lebanon: 79 km (49 mi); Syria: 76 km (47 mi); West Bank (state of Palestine): 307 km (191 mi),"Blue, White"
79,Italy,https://en.wikipedia.org/wiki/Italy,Rome,Italian a,84% Christianity 12% irreligion 4% other,"301,340 km²",58.9 million,,,€ (EUR),UTC +1,1,+39 c,countries/Italy_flag.png,countries/Italy_anthem.ogg,,Europe,9.62,24.0,"1,932",6.0,Austria: 430 km (270 mi); France: 488 km (303 mi); San Marino: 39 km (24 mi); Slovenia: 232 km (144 mi); Switzerland (2): 740 km (460 mi); Vatican City: 3.2 km (2.0 mi),"Green, Red, White"
80,Ivory Coast,https://en.wikipedia.org/wiki/Ivory_Coast,Yamoussoukro,French,42.5% Islam 39.8% Christianity  12.6% no religion 2.2% traditional faiths 2.2% unanswered 0.7% other religions,"322,462 km²",31.5 million,,,(XOF),UTC ±0,0,+225,countries/Ivory_Coast_flag.png,countries/Ivory_Coast_anthem.ogg,,Africa,1.43,102.0,,,,
81,Jamaica,https://en.wikipedia.org/wiki/Jamaica,Kingston,English,68.9% Christianity 64.8% Protestantism 4.1% other Christian 21.3% no religion 1.1% Rastafari 6.5% other 2.3% unanswered,"10,991 km²",2.8 million,,,(JMD),UTC -5,0,+1,countries/Jamaica_flag.png,countries/Jamaica_anthem.mp3,,North America,3.9,73.0,0,0.0,,"Green, Black, Gold"
82,Japan,https://en.wikipedia.org/wiki/Japan,Tokyo,Japanese,Shinto,"377,975 km²",123 million,,,¥,UTC +9,0,+81,countries/Japan_flag.png,countries/Japan_anthem.ogg,,Asia,7.85,43.0,0,0.0,,"Red, White"
83,Jordan,https://en.wikipedia.org/wiki/Jordan,Amman,Arabic,"95% Islam ( official ) 3% Christianity 1% Druze , Baháʼí 1% others","89,342 km²",11.5 million,,,(JOD),UTC +3,0,+962,countries/Jordan_flag.png,countries/Jordan_anthem.ogg,,Asia,0.0,175.0,"1,635",5.0,Iraq: 181 km (112 mi); Israel: 238 km (148 mi); Saudi Arabia: 744 km (462 mi); Syria: 375 km (233 mi); West Bank (State of Palestine): 97 km (60 mi),"Black, Green, Red, White"
84,Kazakhstan,https://en.wikipedia.org/wiki/Kazakhstan,Astana,Kazakh  Russian,69.3% Islam 17.2% Christianity 2.3% no religion 0.2% other 11.0% unanswered,"2,724,900 km²",20.5 million,,,₸ (KZT),UTC +5,0,+7,countries/Kazakhstan_flag.png,countries/Kazakhstan_anthem.mp3,,Asia,7.71,45.0,"12,012",5.0,"People's Republic of China: 1,533 km (953 mi); Kyrgyzstan: 1,051 km (653 mi); Russia: 6,846 km (4,254 mi); Turkmenistan: 379 km (235 mi); Uzbekistan: 2,203 km (1,369 mi)","Blue, Yellow"
85,Kenya,https://en.wikipedia.org/wiki/Kenya,Nairobi,Swahili,Catholicism Anglicanism African Inland Church Quakers Judaism,"580,367 km²",53.3 million,,,(KES),UTC +3,0,+254,countries/Kenya_flag.png,countries/Kenya_anthem.ogg,,Africa,1.66,95.0,"3,477",5.0,Ethiopia: 861 km (535 mi); Somalia: 682 km (424 mi); South Sudan: 232 km (144 mi); Tanzania: 769 km (478 mi); Uganda: 933 km (580 mi),"Black, Green, Red, White"
86,Kiribati,https://en.wikipedia.org/wiki/Kiribati,Tarawa,English Gilbertese,96.2% Christianity 58.9% Catholic Church 21.2% Uniting Church 16.1% other Christian 2.1% Bahá'í Faith 1.7% other / none,811.19 km²,"100,000",,,$ (AUD),"UTC +12 , +13 , +14",0,+686,countries/Kiribati_flag.png,countries/Kiribati_anthem.oga,,Oceania,0.0,172.0,0,0.0,,"Red, Blue, Gold, White"
87,Kosovo,https://en.wikipedia.org/wiki/Kosovo,Pristina a,Albanian Serbian,93.5% Islam 4.1% Christianity 2.3% Orthodox 1.8% Catholic 0.5% No religion 0.5% others 1.5% undeclared,"10,887 km²",1.6 million,,,€ (EUR),UTC +1,1,+383,countries/Kosovo_flag.png,countries/Kosovo_anthem.ogg,,,,,701,4.0,Albania: 112 km (70 mi); Montenegro: 79 km (49 mi); North Macedonia: 159 km (99 mi); Serbia: 352 km (219 mi),
88,Kuwait,https://en.wikipedia.org/wiki/Kuwait,Kuwait City,Arabic,74.6% Islam ( official ) 18.2% Christianity 7.2% other,"17,818 km²",5 million,,,(KWD),UTC +3,0,+965,countries/Kuwait_flag.png,countries/Kuwait_anthem.ogg,,Asia,0.0,171.0,462,2.0,Iraq: 240 km (150 mi); Saudi Arabia: 222 km (138 mi),"Green, Black, Red, White"
89,Kyrgyzstan,https://en.wikipedia.org/wiki/Kyrgyzstan,Bishkek,Kyrgyz (state) Russian (official),91% Islam 8% Christianity 1% Others,"200,105 km²",7.4 million,,,(c) (KGS),UTC +6,0,+996,countries/Kyrgyzstan_flag.png,countries/Kyrgyzstan_anthem.mp3,53.0,Asia,2.2,87.0,"3,878",4.0,"People's Republic of China: 858 km (533 mi); Kazakhstan: 1,051 km (653 mi); Tajikistan (3): 870 km (540 mi); Uzbekistan (6): 1,099 km (683 mi)","Red, Yellow"
90,Laos,https://en.wikipedia.org/wiki/Laos,Vientiane,Lao,66.0% Buddhism  30.7% Tai folk religion 1.5% Christianity 1.8% other / none,"236,800 km²",8 million,,,₭ (LAK),UTC +7,0,+856,countries/Laos_flag.png,countries/Laos_anthem.mp3,23.0,Asia,4.12,71.0,"5,083",5.0,"Cambodia: 541 km (336 mi); People's Republic of China: 423 km (263 mi); Myanmar: 235 km (146 mi); Thailand: 1,754 km (1,090 mi); Vietnam: 2,130 km (1,320 mi)","Red, Blue, White"
91,Latvia,https://en.wikipedia.org/wiki/Latvia,Riga,Latvian a,64% Christianity 36% Lutheranism 17% Catholicism 9% Orthodoxy 2% other Christian 35% no religion 1% others,"64,589 km²",1.8 million,,,€ (EUR),UTC +2,1,+371,countries/Latvia_flag.png,countries/Latvia_anthem.mp3,,Europe,8.7,32.0,"1,150",4.0,Belarus: 141 km (88 mi); Estonia: 339 km (211 mi); Lithuania: 453 km (281 mi); Russia: 217 km (135 mi),"Red, White"
92,Lebanon,https://en.wikipedia.org/wiki/Lebanon,Beirut,Arabic,53.31% Islam 26.84% Shia 0.64% Alawite 26.55% Sunni 41.40% Christianity 28.11% Catholic 8.30% Orthodox 2.92% Armenian Apostolic 0.53% Protestant 1.64% Other Christians 5.21% Druze 0.08% No religion,"10,452 km²",5.4 million,,,(LBP),UTC +2,1,+961,countries/Lebanon_flag.png,countries/Lebanon_anthem.ogg,,Asia,5.43,61.0,454,2.0,Israel: 79 km (49 mi); Syria: 375 km (233 mi),"Red, Green, White"
93,Lesotho,https://en.wikipedia.org/wiki/Lesotho,Maseru,Sesotho English,92.1% Christianity 6.6% traditional faiths 1.0% no religion 0.3% others,"30,355 km²",2.2 million,,,(LSL) (ZAR),UTC +2,0,+266,countries/Lesotho_flag.png,countries/Lesotho_anthem.ogg,,Africa,1.12,110.0,909,1.0,South Africa: 909 km (565 mi),"Blue, Black, Green, White"
94,Liberia,https://en.wikipedia.org/wiki/Liberia,Monrovia,English,85.1% Christianity 76.3% Protestantism 7.2% Catholicism 1.6% other Christians 12.2% Islam 1.4% no religion 1.3% other,"111,370 km²",5.4 million,,,(USD) (LRD),UTC ±0,0,+231,countries/Liberia_flag.png,countries/Liberia_anthem.ogg,42.0,Africa,5.68,59.0,"1,585",3.0,Guinea: 563 km (350 mi); Côte d'Ivoire: 716 km (445 mi); Sierra Leone: 306 km (190 mi),"Red, Blue, White"
95,Libya,https://en.wikipedia.org/wiki/Libya,Tripoli,Arabic,96.6% Islam ( official ) 2.7% Christianity 0.7% others,"1,759,541 km²",7.4 million,,,(LYD),UTC +2,0,+218,countries/Libya_flag.png,countries/Libya_anthem.ogg,,Africa,0.0,170.0,"4,348",6.0,"Algeria: 982 km (610 mi); Chad: 1,055 km (656 mi); Egypt: 1,115 km (693 mi); Niger: 354 km (220 mi); Sudan: 383 km (238 mi); Tunisia: 459 km (285 mi)","Red, Black, Green, White"
96,Liechtenstein,https://en.wikipedia.org/wiki/Liechtenstein,Vaduz,German,79.4 % Christianity 69.6 % Catholicism ( official ) 9.8 % other Christian 9.6 % no religion 6.0 % Islam 5.0 % other,160.5 km²,"41,000",,,(CHF),UTC +1,1,+423,countries/Liechtenstein_flag.png,countries/Liechtenstein_anthem.mp3,,Europe,,,76,2.0,Austria: 34 km (21 mi); Switzerland: 41 km (25 mi),"Blue, Red"
97,Lithuania,https://en.wikipedia.org/wiki/Lithuania,Vilnius,Lithuanian,79.4% Christianity 74.2% Catholicism 5.2% other Christian 6.1% no religion 0.8% others 13.7% no answer,"65,300 km²",2.9 million,,,€ (EUR),UTC +2,1,+370,countries/Lithuania_flag.png,countries/Lithuania_anthem.oga,,Europe,6.23,53.0,"1,273",4.0,Belarus: 502 km (312 mi); Latvia: 453 km (281 mi); Poland: 91 km (57 mi); Russia: 227 km (141 mi),"Yellow, Green, Red"
98,Luxembourg,https://en.wikipedia.org/wiki/Luxembourg,Luxembourg,National language: Luxembourgish Administrative languages: Luxembourgish German French,53% Christianity 46% Catholicism 7% other Christian 38% no religion 9% other,"2,586.4 km²","700,000",,,€ (EUR),UTC +1,0,+352,countries/Luxembourg_flag.png,countries/Luxembourg_anthem.mp3,,Europe,14.35,4.0,359,3.0,Belgium: 148 km (92 mi); France: 73 km (45 mi); Germany: 138 km (86 mi),"Red, Light Blue, White"
99,Madagascar,https://en.wikipedia.org/wiki/Madagascar,Antananarivo,Malagasy French,84.7% Christianity 45.8% Protestantism 38.1% Catholicism 0.8% other Christian 7.3% no religion 4.7% traditional faiths 3.1% Islam 0.3% others,"592,796 km²",32 million,,,(MGA),UTC +3,0,+261,countries/Madagascar_flag.png,countries/Madagascar_anthem.ogg,20.0,Africa,1.25,105.0,0,0.0,,"Red, Green, White"
100,Malawi,https://en.wikipedia.org/wiki/Malawi,Lilongwe,( none at national level),Gender and religion Gender in Bible translation God and gender in Hinduism,"118,484 km²",21.2 million,,,(D) (MWK),UTC +2,0,+265,countries/Malawi_flag.png,countries/Malawi_anthem.mp3,,Africa,0.42,134.0,"2,881",3.0,"Mozambique: 1,569 km (975 mi); Tanzania: 475 km (295 mi); Zambia: 837 km (520 mi)","Black, Green, Red"
101,Malaysia,https://en.wikipedia.org/wiki/Malaysia,Kuala Lumpur,Malay,63.5% Islam ( official )  18.7% Buddhism 9.1% Christianity 6.1% Hinduism 0.9% other 1.8% unknown,"330,803 km²",34.6 million,,,(RM) (MYR),UTC +8,0,+60,countries/Malaysia_flag.png,countries/Malaysia_anthem.ogg,12.0,Asia,0.87,118.0,"3,147",3.0,"Brunei (2): 381 km (237 mi); Indonesia: 1,782 km (1,107 mi); Thailand: 506 km (314 mi)","Red, Dark Blue, White, Yellow"
102,Maldives,https://en.wikipedia.org/wiki/Maldives,Malé,Dhivehi,Dharmic Buddhism Hinduism Jainism Sikhism Islam Religious persecution Bangladesh India Pakistan,298 km²,"600,000",,,(MVR),UTC +5,0,+960,countries/Maldives_flag.png,countries/Maldives_anthem.ogg,,Asia,2.08,89.0,0,0.0,,"Red, White"
103,Mali,https://en.wikipedia.org/wiki/Mali,,"13 national languages   Bambara Bobo Hassaniya Arabic Bozo Dogon, Toro So Fula Kassonke Maninke Minyanka Senufo, Senara Songhay, Koyraboro Senni Soninke Tamasheq",95% Islam 5% other,"1,240,192 km²",22 million,,,(XOF),UTC ±0,0,+223,countries/Mali_flag.png,countries/Mali_anthem.mp3,,Africa,0.0,165.0,"7,243",7.0,"Algeria: 1,376 km (855 mi); Burkina Faso: 1,000 km (620 mi); Côte d'Ivoire: 532 km (331 mi); Guinea: 858 km (533 mi); Mauritania: 2,237 km (1,390 mi); Niger: 821 km (510 mi); Senegal: 419 km (260 mi)","Green, Red, Yellow"
104,Malta,https://en.wikipedia.org/wiki/Malta,Valletta,Maltese English  Maltese Sign Language,88.5% Christianity 82.6% Catholicism ( official ) 5.9% other Christian 5.1% no religion 3.9% Islam 1.4% Hinduism 1.1% other,316 km²,"500,000",,,€ (EUR),UTC +1,1,+356,countries/Malta_flag.png,countries/Malta_anthem.ogg,,Europe,6.91,48.0,0,0.0,,"Red, White"
105,Marshall Islands,https://en.wikipedia.org/wiki/Marshall_Islands,Majuro,Marshallese English,v t e Religion in Oceania Sovereign states Australia Federated States of Micronesia Fiji Indonesia Kiribati Marshall Islands Nauru New Zealand Palau Papua New Guinea Samoa Solomon Islands Tonga Tuvalu Vanuatu Associated states of New Zealand Cook Islands Niue Dependencies and other territories American Samoa Christmas Island Cocos (Keeling) Islands Easter Island French Polynesia Guam Hawaii New Caledonia Norfolk Island Northern Mariana Islands Pitcairn Islands Tokelau Wallis and Futuna,181.43 km²,"42,000",,,,UTC +12,1,+692,countries/Marshall_Islands_flag.png,countries/Marshall_Islands_anthem.ogg,,Oceania,,,0,0.0,,"Blue, Orange, White"
106,Mauritania,https://en.wikipedia.org/wiki/Mauritania,Nouakchott,Arabic Pulaar Soninke Wolof,Sunni Islam ( official ),"1,030,000 km²",5.5 million,,,(MRU),UTC ±0,0,+222,countries/Mauritania_flag.png,countries/Mauritania_anthem.ogg,,Africa,0.0,187.0,"5,074",4.0,"Algeria: 463 km (288 mi); Mali: 2,237 km (1,390 mi); Senegal: 813 km (505 mi); Western Sahara: 1,561 km (970 mi)","Green, Red, Yellow"
107,Mauritius,https://en.wikipedia.org/wiki/Mauritius,Port Louis,None ( de jure ) English French ( de facto ),47.9% Hinduism 32.3% Christianity 18.2% Islam 1.6% others / none,"2,040 km²",1.2 million,,,(MUR),UTC +4,0,+230,countries/Mauritius_flag.png,countries/Mauritius_anthem.ogg,59.0,Africa,4.33,69.0,0,0.0,,"Red, Blue, Green, Yellow"
108,Mexico,https://en.wikipedia.org/wiki/Mexico,Mexico City,68 Indigenous languages,88.9% Christianity 77.7% Catholicism 11.2% Protestantism 8.1% Irreligion 2.4% other religion 0.5% prefer not to say,"1,972,550 km²",131.9 million,,,(MXN),UTC -8 to -5,1,+52,countries/Mexico_flag.png,countries/Mexico_anthem.ogg,,North America,5.04,63.0,"4,353",3.0,"Belize: 250 km (160 mi); Guatemala: 962 km (598 mi); United States: 3,141 km (1,952 mi)","Green, Red, White"
109,Moldova,https://en.wikipedia.org/wiki/Moldova,Chișinău,Romanian,97.4% Christianity 94.3% Eastern Orthodoxy 3.1% other Christian 0.3% other 1.5% no religion 0.8% unanswered,"33,843 km²",2.4 million,,,(MDL),UTC +2,1,+373,countries/Moldova_flag.png,countries/Moldova_anthem.mp3,,Europe,8.62,34.0,"1,389",2.0,Romania: 450 km (280 mi); Ukraine: 939 km (583 mi),"Blue, Gold, Red, Yellow"
110,Monaco,https://en.wikipedia.org/wiki/Monaco,Monaco ( city-state ),French  ( Meridional ),86.0% Christianity 80.9% Catholicism ( official )  5.1% other Christian 11.7% no religion 1.7% Judaism 0.4% Islam 0.2% other,2.084 km²,"38,000",,,€ (EUR),UTC +1,1,+377,countries/Monaco_flag.png,countries/Monaco_anthem.mp3,,Europe,,,4.4,1.0,France: 4.4 km (2.7 mi),"Red, White"
111,Mongolia,https://en.wikipedia.org/wiki/Mongolia,Ulaanbaatar,Mongolian ( Buriat Khalkha Oirat ),51.7% Buddhism 40.6% No religion 3.2% Islam 2.5% Shamanism 1.3% Christianity 0.7% other,"1,564,116 km²",3.5 million,,,(MNT),UTC +7/+8,0,+976,countries/Mongolia_flag.png,countries/Mongolia_anthem.ogg,,Asia,1.95,91.0,"8,220",2.0,"People's Republic of China: 4,677 km (2,906 mi); Russia: 3,485 km (2,165 mi)","Blue, Red, Yellow"
112,Montenegro,https://en.wikipedia.org/wiki/Montenegro,Podgorica,Montenegrin,74.9% Christianity 71.1% Eastern Orthodoxy 3.2% Catholicism 0.6% other Christian 19.9% Islam 2.7% no religion 0.3% other 2.2% not stated,"13,883 km²","600,000",,,€ (EUR),UTC +1,1,+382,countries/Montenegro_flag.png,countries/Montenegro_anthem.mp3,,Europe,0.0,166.0,625,5.0,Albania: 172 km (107 mi); Bosnia and Herzegovina: 225 km (140 mi); Croatia: 25 km (16 mi); Kosovo: 79 km (49 mi); Serbia: 124 km (77 mi),"Red, Gold"
113,Morocco,https://en.wikipedia.org/wiki/Morocco,Rabat,Arabic Tamazight,99.68% Islam ( official ) 99.23% Sunni 0.45% Shia 0.3% Others 0.13% Agnostics 0.10% Baháʼís 0.09% Christians 0.01% Jews,"446,550 km²",37.5 million,,,(MAD),UTC +1 UTC ±0,0,+212,countries/Morocco_flag.png,countries/Morocco_anthem.ogg,,Africa,0.58,127.0,"2,018",3.0,"Algeria: 1,559 km (969 mi); Western Sahara: 443 km (275 mi); Spain (3): 17 km (11 mi)","Red, Green"
114,Mozambique,https://en.wikipedia.org/wiki/Mozambique,Maputo,Portuguese,62.0% Christianity 19.1% Islam 13.5% no religion 4.3% other  1.2%  unknown,"801,590 km²",34.9 million,,,(MZN),UTC +2,0,+258,countries/Mozambique_flag.png,countries/Mozambique_anthem.ogg,26.0,Africa,0.45,133.0,"4,571",6.0,"Eswatini: 105 km (65 mi); Malawi: 1,569 km (975 mi); South Africa (2): 491 km (305 mi); Tanzania: 756 km (470 mi); Zambia: 419 km (260 mi); Zimbabwe: 1,231 km (765 mi)","Black, Green, Red, White, Yellow"
115,Myanmar,https://en.wikipedia.org/wiki/Myanmar,Naypyidaw,Burmese,87.9% Buddhism ( official )  6.2% Christianity 4.91% Protestantism 1.29% Catholicism 4.3% Islam 0.8% folk religion  0.5% Hinduism 0.1% no religion 0.2% other,"676,579 km²",55.8 million,,,(K) (MMK),UTC +6:30,0,+95,countries/Myanmar_flag.png,countries/Myanmar_anthem.oga,10.0,Asia,0.21,144.0,"5,876",5.0,"Bangladesh: 193 km (120 mi); People's Republic of China: 2,185 km (1,358 mi); India: 1,463 km (909 mi); Laos: 235 km (146 mi); Thailand: 2,416 km (1,501 mi)","Yellow, Green, Red, White"
116,Namibia,https://en.wikipedia.org/wiki/Namibia,Windhoek,Afrikaans German Khoekhoegowab Oshiwambo Otjiherero RuKwangali Setswana siLozi,87.9% Christianity 43.7% Lutheranism 22.8% Catholicism 17.0% Anglicanism 4.4% other Christian 10.5% other 1.6% no religion,"825,615 km²",3 million,,,(NAD) (ZAR),UTC +2,0,+264,countries/Namibia_flag.png,countries/Namibia_anthem.ogg,,Africa,0.0,167.0,"3,936",4.0,"Angola: 1,376 km (855 mi); Botswana: 1,360 km (850 mi); South Africa: 967 km (601 mi); Zambia: 233 km (145 mi)","Blue, Green, Red, White, Yellow"
117,Nauru,https://en.wikipedia.org/wiki/Nauru,Yaren ( de facto ),Nauruan  English,Christianity,21 km²,"12,000",,,(AUD),UTC +12,0,+674,countries/Nauru_flag.png,countries/Nauru_anthem.ogg,,Oceania,0.0,168.0,0,0.0,,"Blue, White, Yellow"
118,Nepal,https://en.wikipedia.org/wiki/Nepal,Kathmandu,All mother-tongues   (see Languages of Nepal ),Dharmic Buddhism Hinduism Jainism Sikhism Islam Religious persecution Bangladesh India Pakistan,"147,516 km²",31.1 million,,,रू (NPR),UTC +5:45,0,+977,countries/Nepal_flag.png,countries/Nepal_anthem.ogg,37.0,Asia,0.0,169.0,"2,926",2.0,"People's Republic of China: 1,236 km (768 mi); India: 1,690 km (1,050 mi)","Crimson, Blue, White"
119,Netherlands,https://en.wikipedia.org/wiki/Netherlands,Amsterdam,Dutch,56% no religion 31% Christianity 17% Catholicism 14% Protestantism 6% Islam 7% other,"41,865 km²",18 million,,,€ (EUR) US$ (USD),UTC +1,1,"+31 , +599",countries/Netherlands_flag.png,countries/Netherlands_anthem.ogg,36.0,Europe,9.8,22.0,"1,027",2.0,Belgium (31): 450 km (280 mi); Germany: 577 km (359 mi),"Red, Blue, White"
120,New Zealand,https://en.wikipedia.org/wiki/New_Zealand,Wellington,English  Māori NZ Sign Language,51.6% no religion 32.3% Christianity  2.9% Hinduism 6.3% other 6.9% undeclared,"263,310 km²",5.3 million,,,$ (NZD),UTC +12,1,+64,countries/New_Zealand_flag.png,countries/New_Zealand_anthem.ogg,46.0,Oceania,8.85,30.0,0,0.0,,"White, Blue, Red"
121,Nicaragua,https://en.wikipedia.org/wiki/Nicaragua,Managua,Spanish,84.4% Christianity 55.0% Catholicism 27.2% Protestantism 2.2% other Christian 14.7% no religion 0.9% other,"130,375 km²",6.7 million,,,(NIO),UTC -6,0,+505,countries/Nicaragua_flag.png,countries/Nicaragua_anthem.mp3,,North America,2.34,85.0,"1,231",2.0,Costa Rica: 309 km (192 mi); Honduras: 922 km (573 mi),"Blue, White"
122,Niger,https://en.wikipedia.org/wiki/Niger,Niamey,Arabic Buduma Fulfulde Gourmanchéma Kanuri Songhai Tamasheq Tassawaq Tebu Zarma,99.3% Islam 0.3% Christianity 0.2% Animism 0.1% irreligion,"1,267,000 km²",26.3 million,,,(XOF),UTC +1,0,+227,countries/Niger_flag.png,countries/Niger_anthem.ogg,,Africa,0.0,173.0,"5,697",7.0,"Algeria: 956 km (594 mi); Benin: 266 km (165 mi); Burkina Faso: 628 km (390 mi); Chad: 1,175 km (730 mi); Libya: 354 km (220 mi); Mali: 821 km (510 mi); Nigeria: 1,497 km (930 mi)","Orange, Green, White"
123,Nigeria,https://en.wikipedia.org/wiki/Nigeria,Abuja,English,53.50% Islam 45.90% Christianity 35.30% Protestants 10.60% Catholics 0.60% other,"923,769 km²",236.7 million,,,₦ (NGN),UTC +1,0,+234,countries/Nigeria_flag.png,countries/Nigeria_anthem.ogg,,Africa,0.66,123.0,"4,047",4.0,"Benin: 773 km (480 mi); Cameroon: 1,690 km (1,050 mi); Chad: 87 km (54 mi); Niger: 1,497 km (930 mi)","Green, White"
124,North Korea,https://en.wikipedia.org/wiki/North_Korea,Pyongyang,Korean ( Munhwaŏ ),73% no religion  13% Chondoism 12% Shamanism 1.5% Buddhism 0.5% other,"120,538 km²",26.3 million,,,₩ (KPW),UTC +9,0,+850,countries/North_Korea_flag.png,countries/North_Korea_anthem.ogg,15.0,Asia,2.56,82.0,"1,673",3.0,"People's Republic of China: 1,416 km (880 mi); South Korea: 238 km (148 mi); Russia: 19 km (12 mi)","Red, Blue, White"
125,North Macedonia,https://en.wikipedia.org/wiki/North_Macedonia,Skopje,Macedonian  Albanian,60.4% Christianity 46.1% Eastern Orthodoxy 14.3% other Christian 32.2% Islam 0.1% no religion 0.1% other 7.2% data taken from administrative sources,"25,436 km²",1.8 million,,,(MKD),UTC +1,1,+389,countries/North_Macedonia_flag.png,countries/North_Macedonia_anthem.mp3,,Europe,,,766,5.0,Albania: 151 km (94 mi); Bulgaria: 148 km (92 mi); Greece: 246 km (153 mi); Kosovo: 159 km (99 mi); Serbia: 62 km (39 mi),"Red, Yellow"
126,Norway,https://en.wikipedia.org/wiki/Norway,Oslo,Kven Romani Scandoromani  Norwegian Sign Language,68.5% Christianity 61.7% Church of Norway  6.8% other Christian 27.3% no religion 3.4% Islam 0.8% other,"385,207 km²",5.6 million,,,(NOK),UTC +1,1,+47,countries/Norway_flag.png,countries/Norway_anthem.ogg,49.0,Europe,4.97,64.0,"2,551",3.0,"Finland: 736 km (457 mi); Sweden: 1,619 km (1,006 mi); Russia: 196 km (122 mi)","Red, Blue, White"
127,Oman,https://en.wikipedia.org/wiki/Oman,Muscat,Arabic,95% Islam ( official ) 1.67% Hinduism 1.67% Christianity 1.66% others,"315,331 km²",5.5 million,,,(OMR),UTC +4,0,+968,countries/Oman_flag.png,countries/Oman_anthem.mp3,,Asia,0.0,176.0,"1,374",3.0,Saudi Arabia: 676 km (420 mi); United Arab Emirates (4): 410 km (250 mi); Yemen: 288 km (179 mi),"Red, Green, White"
128,Pakistan,https://en.wikipedia.org/wiki/Pakistan,Islamabad,Urdu English,Dharmic Buddhism Hinduism Jainism Sikhism Islam Religious persecution Bangladesh India Pakistan,"881,913 km²",241.5 million,,,₨ (PKR),UTC +5,0,+92,countries/Pakistan_flag.png,countries/Pakistan_anthem.oga,22.0,Asia,0.0,164.0,"7,545",4.0,"Afghanistan: 2,670 km (1,660 mi); India: 3,320 km (2,060 mi); Iran: 959 km (596 mi); People's Republic of China: 596 km (370 mi)","Green, White"
129,Palau,https://en.wikipedia.org/wiki/Palau,Ngerulmud,Palauan English,78.7% Christianity 10.1% no religion 5.1% Modekngei 4.9% Islam 1.2% other,459 km²,"18,000",,,(USD),UTC +9,1,+680,countries/Palau_flag.png,countries/Palau_anthem.oga,,Oceania,,,0,0.0,,"Yellow, Blue"
130,Palestine,https://en.wikipedia.org/wiki/Palestine,Jerusalem ( limited recognition )  Ramallah ( de facto ),Arabic,80.73% Islam ( official ) 71.21% Sunni 0.09% Shia 9.42% other  13.07% Judaism  0.88% Christianity 0.05% Baháʼí Faith 5.27% irreligion,"6,020 km²",5.5 million,,,,UTC +2,1,"+970 , +972",countries/Palestine_flag.png,countries/Palestine_anthem.ogg,,Asia,,,466,3.0,Egypt: 11 km (6.8 mi); Israel (2): 358 km (222 mi); Jordan: 97 km (60 mi),"Black, Green, Red, White"
131,Panama,https://en.wikipedia.org/wiki/Panama,Panama City,Spanish,91.5% Christianity 63.2% Catholicism 25.0% Protestantism 3.3% other Christian 7.6% no religion 0.9% other,"75,417 km²",4.3 million,,,(PAB) (USD),UTC -5,0,+507,countries/Panama_flag.png,countries/Panama_anthem.ogg,48.0,North America,5.74,57.0,555,2.0,Colombia: 225 km (140 mi); Costa Rica: 330 km (210 mi),"Blue, Red, White"
132,Papua New Guinea,https://en.wikipedia.org/wiki/Papua_New_Guinea,Port Moresby,English Hiri Motu PNG Sign Language Tok Pisin,95.5% Christianity ( official )  64.3% Protestantism 26.0% Catholicism 5.2% other Christian 3.1% unspecified 1.4% others or none,"462,840 km²",11.8 million,,,(PGK),"UTC +10, +11",0,+675,countries/Papua_New_Guinea_flag.png,countries/Papua_New_Guinea_anthem.ogg,,Oceania,1.02,111.0,820,1.0,Indonesia: 820 km (510 mi),"Red, Black, White, Yellow"
133,Paraguay,https://en.wikipedia.org/wiki/Paraguay,Asunción,Spanish Guarani,Freedom of religion Baháʼí Catholic Church Islam Judaism LDS Mennonites San La Muerte,"406,752 km²",6.4 million,,,(PYG),UTC -3,0,+595,countries/Paraguay_flag.png,countries/Paraguay_anthem.mp3,32.0,South America,9.71,23.0,"3,920",3.0,"Argentina: 1,880 km (1,170 mi); Bolivia: 750 km (470 mi); Brazil: 1,290 km (800 mi)","Red, Blue, White"
134,Peru,https://en.wikipedia.org/wiki/Peru,Lima,Quechua Aymara Other Indigenous languages,94.5% Christianity 76.0% Catholicism 18.5% other Christian 5.1% no religion 0.4% other,"1,285,216 km²",34.4 million,,,(PEN),UTC -5,0,+51,countries/Peru_flag.png,countries/Peru_anthem.ogg,,South America,4.0,72.0,"5,536",5.0,"Bolivia: 900 km (560 mi); Brazil: 2,995 km (1,861 mi); Chile: 160 km (99 mi); Colombia: 1,496 km (930 mi); Ecuador: 1,420 km (880 mi)","Red, White"
135,Philippines,https://en.wikipedia.org/wiki/Philippines,Manila ( de jure ) Metro Manila  ( de facto ),Filipino,85.3% Christianity 78.8% Catholicism  6.5% other Christian 6.4% Islam 8.2% other,"300,000 km²",112.7 million,,,₱ (PHP),UTC +8,0,+63,countries/Philippines_flag.png,countries/Philippines_anthem.ogg,9.0,Asia,6.77,49.0,0,0.0,,"Blue, Red, White, Yellow"
136,Poland,https://en.wikipedia.org/wiki/Poland,Warsaw,Polish,72.4% Christianity 71.3% Catholicism 1.1% other Christian 6.9% no religion 0.1% other 20.6% unanswered,"312,696 km²",37.9 million,,,(PLN),UTC +1,1,+48,countries/Poland_flag.png,countries/Poland_anthem.ogg,18.0,Europe,7.93,42.0,"2,788",7.0,Belarus: 407 km (253 mi); Czech Republic: 658 km (409 mi); Germany: 456 km (283 mi); Lithuania: 91 km (57 mi); Russia: 206 km (128 mi); Slovakia: 444 km (276 mi); Ukraine: 526 km (327 mi),"White, Red"
137,Portugal,https://en.wikipedia.org/wiki/Portugal,Lisbon,Portuguese Sign Language,Christianity,"156,597 km²",10.7 million,,,€ (EUR),UTC ±0 and -1,1,+351,countries/Portugal_flag.png,countries/Portugal_anthem.ogg,,Europe,13.57,7.0,"1,214",1.0,"Spain: 1,214 km (754 mi)","Red, Green, White"
138,Qatar,https://en.wikipedia.org/wiki/Qatar,Doha,Arabic,65.5% Islam ( official ) 15.1% Hinduism 14.2% Christianity 3.3% Buddhism 1.9% other,"11,581 km²",3.2 million,,,(QAR),UTC +3,0,+974,countries/Qatar_flag.png,countries/Qatar_anthem.ogg,,Asia,0.0,180.0,60,1.0,Saudi Arabia: 60 km (37 mi),"Maroon, White"
139,Republic of Ireland,https://en.wikipedia.org/wiki/Republic_of_Ireland,Dublin,Irish  English,Proto-Celtic religion Celtic polytheism Celtic deities Celtic Animism Celtic mythology Celtic Christianity Celtic Rites Celtic stone idolss * Druids Monasticism Romano-Celtic temple Practices,"70,273 km²",5.5 million,,,€ (EUR),UTC ±0,1,+353,countries/Republic_of_Ireland_flag.png,countries/Republic_of_Ireland_anthem.mp3,,,,,,,,
140,Republic of the Congo,https://en.wikipedia.org/wiki/Republic_of_the_Congo,Brazzaville,Kituba Lingala,87.1% Christianity 8.0% no religion 2.7% traditional faiths 1.2% Islam 1.0% others,"342,000 km²",6.2 million,,,(XAF),UTC +1,0,+242,countries/Republic_of_the_Congo_flag.png,countries/Republic_of_the_Congo_anthem.oga,,Africa,,,"5,504",5.0,"Angola: 201 km (125 mi); Cameroon: 523 km (325 mi); Central African Republic: 467 km (290 mi); Democratic Republic of the Congo: 2,410 km (1,500 mi); Gabon: 1,903 km (1,182 mi)","Green, Red, Yellow"
141,Romania,https://en.wikipedia.org/wiki/Romania,Bucharest,Romanian,84.7% Christianity 73.6% Romanian Orthodoxy 6.4% Protestantism 4.4% Catholicism 0.2% other Christian 0.8% no religion 0.4% other 13.9% unanswered,"238,397 km²",19 million,,,(RON),UTC +2,1,+40,countries/Romania_flag.png,countries/Romania_anthem.ogg,,Europe,10.88,19.0,"2,508",5.0,Bulgaria: 608 km (378 mi); Hungary: 443 km (275 mi); Moldova: 450 km (280 mi); Serbia: 476 km (296 mi); Ukraine (2): 531 km (330 mi),"Blue, Red, Yellow"
142,Russia,https://en.wikipedia.org/wiki/Russia,Moscow,Russian,Christianity,"17,098,246 km²",146 million,,,₽ (RUB),UTC +2 to +12,0,+7,countries/Russia_flag.png,countries/Russia_anthem.mp3,7.0,"Asia, Europe",8.08,40.0,"20,017",14.0,"Azerbaijan: 284 km (176 mi); Belarus (2): 959 km (596 mi); People's Republic of China (2): 3,645 km (2,265 mi); Estonia: 294 km (183 mi); Finland: 1,340 km (830 mi); Georgia: 723 km (449 mi); Kazakhstan: 6,846 km (4,254 mi); North Korea: 19 km (12 mi); Latvia: 217 km (135 mi); Lithuania: 227 km (141 mi); Mongolia: 3,485 km (2,165 mi); Norway: 196 km (122 mi); Poland: 206 km (128 mi); Ukraine: 1,576 km (979 mi)","White, Blue, Red"
143,Rwanda,https://en.wikipedia.org/wiki/Rwanda,Kigali,Kinyarwanda,93.8% Christianity 3.0% no religion 2.2% Islam 1.0% other,"26,338 km²",14.1 million,,,(RWF),UTC +2,0,+250,countries/Rwanda_flag.png,countries/Rwanda_anthem.mp3,,Africa,0.71,121.0,893,4.0,Burundi: 290 km (180 mi); Democratic Republic of the Congo: 217 km (135 mi); Tanzania: 217 km (135 mi); Uganda: 169 km (105 mi),"Sky Blue, Green, Yellow"
144,Saint Kitts and Nevis,https://en.wikipedia.org/wiki/Saint_Kitts_and_Nevis,Basseterre,English,94.6% Christianity 81.3% Protestantism 13.3% other Christian 2.6% no religion 1.5% Hinduism 1.3% other,261 km²,"48,000",,,EC$ (XCD),UTC -4,0,+1,countries/Saint_Kitts_and_Nevis_flag.png,countries/Saint_Kitts_and_Nevis_anthem.ogg,,North America,0.0,181.0,0,0.0,,
145,Saint Lucia,https://en.wikipedia.org/wiki/Saint_Lucia,Castries,English,77.4% Christianity 14.4% no religion 1.4% Rastafari 2.7% other 4.1% not stated,617 km²,"200,000",,,(XCD),UTC -4,0,+1,countries/Saint_Lucia_flag.png,countries/Saint_Lucia_anthem.mp3,,North America,0.0,182.0,0,0.0,,"Light Blue, Black, White, Yellow"
146,Saint Vincent and the Grenadines,https://en.wikipedia.org/wiki/Saint_Vincent_and_the_Grenadines,Kingstown,English,88.6% Christianity 70.2% Protestantism 18.4% Other Christian 3.4% Hinduism 2.5% Irreligion 1.8% Rastafari 1.6% Baháʼí Faith 1.5% Islam 0.5% Other,389 km²,"100,000",,,(XCD),UTC -4,0,+1,countries/Saint_Vincent_and_the_Grenadines_flag.png,countries/Saint_Vincent_and_the_Grenadines_anthem.mp3,,North America,0.0,183.0,0,0.0,,
147,Samoa,https://en.wikipedia.org/wiki/Samoa,Apia,"Samoan , English",97.9% Christianity ( official )  54.9% Protestantism 18.8% Catholicism 16.9% Mormonism 7.3% other Christian 1.7% no religion 0.4% others,"2,831 km²","200,000",,,WS $ (WST),UTC +13,0,+685,countries/Samoa_flag.png,countries/Samoa_anthem.ogg,,Oceania,0.0,184.0,0,0.0,,"Red, Blue, White"
148,San Marino,https://en.wikipedia.org/wiki/San_Marino,City of San Marino,Italian,90.3% Catholicism (2022)  7.5% no religion 1.1% Other Christian denominations (2022)  0.1% Judaism 0.46% Islam (2015)  0.34% other,61.19 km²,"34,000",,,€ (EUR),UTC +1,1,+378 (+39 0549 calling via Italy),countries/San_Marino_flag.png,countries/San_Marino_anthem.ogg,,Europe,,,39,1.0,Italy: 39 km (24 mi),"White, Light Blue"
149,Saudi Arabia,https://en.wikipedia.org/wiki/Saudi_Arabia,Riyadh,Arabic,Sunni Islam ( official ),"2,149,690 km²",33.7 million,,,(SR) (SAR),UTC +3,0,+966,countries/Saudi_Arabia_flag.png,countries/Saudi_Arabia_anthem.mp3,,Asia,0.0,186.0,"4,431",8.0,"Bahrain: 0.196 km (0.122 mi); Iraq: 814 km (506 mi); Jordan: 744 km (462 mi); Kuwait: 222 km (138 mi); Oman: 676 km (420 mi); Qatar: 60 km (37 mi); United Arab Emirates: 457 km (284 mi); Yemen: 1,458 km (906 mi)","Green, White"
150,Senegal,https://en.wikipedia.org/wiki/Senegal,Dakar,Wolof  Serer Diola  Pulaar Soninke Mandinka,97.2% Islam 2.7% Christianity 0.1% other,"196,722 km²",18.8 million,,,(XOF),UTC ±0,0,+221,countries/Senegal_flag.png,countries/Senegal_anthem.ogg,,Africa,0.41,136.0,"2,640",5.0,The Gambia: 740 km (460 mi); Guinea: 330 km (210 mi); Guinea-Bissau: 338 km (210 mi); Mali: 419 km (260 mi); Mauritania: 813 km (505 mi),"Green, Red, Yellow"
151,Serbia,https://en.wikipedia.org/wiki/Serbia,Belgrade,Serbian,Christianity Serbian Orthodox Church Patriarch Roman Catholicism Protestantism Islam Judaism,"88,499 km²",6.6 million,,,(RSD),UTC +1,1,+381,countries/Serbia_flag.png,countries/Serbia_anthem.ogg,51.0,Europe,0.0,162.0,"2,027",8.0,Bosnia and Herzegovina (2): 302 km (188 mi); Bulgaria: 318 km (198 mi); Croatia: 241 km (150 mi); Hungary: 151 km (94 mi); Kosovo: 352 km (219 mi); Montenegro: 124 km (77 mi); North Macedonia: 62 km (39 mi); Romania: 476 km (296 mi),"Red, Blue, White"
152,Seychelles,https://en.wikipedia.org/wiki/Seychelles,Victoria,Seychellois Creole (national language) English French,74.9% Christianity 5.4% Hinduism 2.4% Islam 5.1% others 12.2% unanswered,457 km²,"100,000",,,(SCR),UTC +4,0,+248,countries/Seychelles_flag.png,countries/Seychelles_anthem.ogg,,Africa,0.0,188.0,0,0.0,,"Blue, Green, Red, White, Yellow"
153,Sierra Leone,https://en.wikipedia.org/wiki/Sierra_Leone,Freetown,Krio,78% Islam 21% Christianity 1% other,"73,252 km²",8.5 million,,,(SLE),UTC ±0,0,+232,countries/Sierra_Leone_flag.png,countries/Sierra_Leone_anthem.mp3,27.0,Africa,0.0,189.0,958,2.0,Guinea: 652 km (405 mi); Liberia: 306 km (190 mi),"Green, Blue, White"
154,Singapore,https://en.wikipedia.org/wiki/Singapore,Singapore ( city-state ),Malay,31.1% Buddhism 20.0% No religion 18.9% Christianity 15.6% Islam 8.8% Taoism 5.0% Hinduism 0.3% Sikhism 0.3% Other,744.3 km²,6.1 million,,,S$ (SGD),UTC +8,0,+65,countries/Singapore_flag.png,countries/Singapore_anthem.mp3,,Asia,2.1,88.0,0,0.0,,"Red, White"
155,Slovakia,https://en.wikipedia.org/wiki/Slovakia,Bratislava,Slovak,68.8% Christianity 59.8% Catholicism 7.6% Protestantism 1.4% other Christian 23.8% no religion 0.9% other 6.5% unspecified,"49,035 km²",5.4 million,,,€ (EUR),UTC +1,1,+421,countries/Slovakia_flag.png,countries/Slovakia_anthem.mp3,,Europe,13.0,8.0,"1,524",5.0,Austria: 96 km (60 mi); Czech Republic: 215 km (134 mi); Hungary: 677 km (421 mi); Poland: 444 km (276 mi); Ukraine: 91 km (57 mi),"White, Blue, Red"
156,Slovenia,https://en.wikipedia.org/wiki/Slovenia,Ljubljana,Slovene,77.9% Christianity 73.4% Catholicism 3.7% Orthodoxy 0.7% other Christian 18.3% no religion 3.9% other,"20,272 km²",2.1 million,,,€ (EUR),UTC +1,1,+386,countries/Slovenia_flag.png,countries/Slovenia_anthem.mp3,,Europe,15.15,1.0,"1,334",4.0,Austria: 330 km (210 mi); Croatia: 670 km (420 mi); Italy: 232 km (144 mi); Hungary: 102 km (63 mi),"Blue, Red, White"
157,Solomon Islands,https://en.wikipedia.org/wiki/Solomon_Islands,Honiara,English,97.4% Christianity 78.6% Protestantism 19.5% Catholicism 1.9% other Christian 1.2% folk religions 1.4% others / none,"28,896 km²","800,000",,,(SBD),UTC +11,1,+677,countries/Solomon_Islands_flag.png,,,Oceania,0.56,128.0,0,0.0,,"Olive Green, Blue, Yellow"
158,Somalia,https://en.wikipedia.org/wiki/Somalia,Mogadishu,Somali,Sunni Islam ( official ),"637,657 km²",19.3 million,,,(SOS),UTC +3,0,+252,countries/Somalia_flag.png,countries/Somalia_anthem.mp3,,Africa,0.0,178.0,"2,340",3.0,"Djibouti: 61 km (38 mi); Ethiopia: 1,600 km (990 mi); Kenya: 682 km (424 mi)","Blue, White"
159,South Africa,https://en.wikipedia.org/wiki/South_Africa,Pretoria (executive)   Cape Town (legislative)   Bloemfontein (judicial),12 languages   Afrikaans English Ndebele Sepedi Sesotho Setswana South African Sign Language Swazi Tshivenda Xhosa Xitsonga Zulu Languages with special status  Khoe languages Nama Khoisan languages German Greek Gujarati Hindi Portuguese Telugu Tamil Urdu Arabic Hebrew Sanskrit,85.3% Christianity 7.8% Traditional faiths 3.1% No religion 1.6% Islam 1.1% Hinduism 1.1% other,"1,221,037 km²",63 million,,,(ZAR),UTC +2,0,+27,countries/South_Africa_flag.png,countries/South_Africa_anthem.oga,40.0,Africa,7.72,44.0,"4,862",6.0,"Botswana: 1,840 km (1,140 mi); Eswatini: 430 km (270 mi); Lesotho: 909 km (565 mi); Mozambique (2): 491 km (305 mi); Namibia: 967 km (601 mi); Zimbabwe: 225 km (140 mi)","Red, Black, Blue, Gold, Green, White"
160,South Korea,https://en.wikipedia.org/wiki/South_Korea,Seoul,Korean Korean Sign Language,51% No religion 31% Christianity 20% Protestant 11% Catholic 17% Buddhism 2% other,"100,363 km²",52.1 million,,,₩ (KRW),UTC +9,0,+82,countries/South_Korea_flag.png,countries/South_Korea_anthem.ogg,19.0,Asia,14.4,2.0,238,1.0,North Korea: 238 km (148 mi),"White, Black, Blue, Red"
161,South Sudan,https://en.wikipedia.org/wiki/South_Sudan,Juba,"Dinka Nuer Bari Murle Luo (Anyuak, Acholi, Shilluk, Pari, Jur-Luo, others) Ma'di Otuho Zande and around 60 other languages",60.5% Christianity 32.9% traditional faiths 6.2% Islam 0.4% others / none,"644,329 km²",12.7 million,,,(SSP),UTC +2,0,+211,countries/South_Sudan_flag.png,countries/South_Sudan_anthem.ogg,,Africa,,,"4,797",6.0,"Central African Republic: 682 km (424 mi); Democratic Republic of the Congo: 628 km (390 mi); Ethiopia: 883 km (549 mi); Kenya: 232 km (144 mi); Sudan: 1,937 km (1,204 mi); Uganda: 435 km (270 mi)","Black, Blue, Green, Red, White, Yellow"
162,Spain,https://en.wikipedia.org/wiki/Spain,Madrid,Spanish,58.6% Roman Catholicism 40% non-practicing Catholic 18.6% practicing Catholic 13.3% atheist 11.7% indifferent or irreligious 11.1% agnostic 3.6% other religion 1.7% unanswered,"506,030 km²",49.6 million,,,€ (EUR),UTC ⁠±0 to +1,1,+34,countries/Spain_flag.png,countries/Spain_anthem.mp3,,Europe,11.09,17.0,"1,918",5.0,"Andorra: 63.7 km (39.6 mi); France (3): 623 km (387 mi); Gibraltar (United Kingdom): 1.2 km (0.75 mi); Portugal: 1,214 km (754 mi); Morocco (3): 17 km (11 mi)","Red, Gold"
163,Sri Lanka,https://en.wikipedia.org/wiki/Sri_Lanka,Sri Jayawardenepura Kotte (legislative)  Colombo (executive and judicial),Sinhala Tamil,Dharmic Buddhism Hinduism Jainism Sikhism Islam Religious persecution Bangladesh India Pakistan,"67,240 km²",23.3 million,,,(Rs) (LKR),UTC +5:30,0,+94,countries/Sri_Lanka_flag.png,countries/Sri_Lanka_anthem.mp3,,Asia,0.21,141.0,0,0.0,,"Maroon, Gold, Green, Orange"
164,Sudan,https://en.wikipedia.org/wiki/Sudan,Khartoum,Arabic English,97% Sunni Islam    3% Christianity,"1,886,068 km²",51.8 million,,,(SDG),UTC +2,0,+249,countries/Sudan_flag.png,countries/Sudan_anthem.mp3,,Africa,0.26,139.0,"6,764",7.0,"Central African Republic: 483 km (300 mi); Chad: 1,360 km (850 mi); Egypt: 1,273 km (791 mi); Eritrea: 605 km (376 mi); Ethiopia: 723 km (449 mi); Libya: 383 km (238 mi); South Sudan: 1,937 km (1,204 mi)","Red, Black, Green, White"
165,Suriname,https://en.wikipedia.org/wiki/Suriname,Paramaribo,Dutch,48.4% Christianity 26.75 Protestantism 21.65% Roman Catholicism 22.3% Hinduism 17.97% Sanātanī 3.08% Arya Samaj 1.23% Other Hindu 13.9% Islam 3.91% Sunni 2.61% Ahmadiyya 7.34% Other Muslim 1.8% Winti 0.8% Kejawèn 0.03% Judaism 7.52% no religion 2.04% Not stated 1.11% Don't know 0.85% Others,"165,940 km²","600,000",,,(SRD),UTC -3,0,+597,countries/Suriname_flag.png,countries/Suriname_anthem.mp3,38.0,South America,4.68,67.0,"1,707",3.0,Brazil: 597 km (371 mi); French Guiana (France): 510 km (320 mi); Guyana: 600 km (370 mi),"Gold, Green, Red, White"
166,Sweden,https://en.wikipedia.org/wiki/Sweden,Stockholm,Swedish,Baháʼí Buddhism Christianity Church of Sweden Catholicism Judaism Islam Ahmadiyya,"450,295 km²",10.6 million,,,(SEK),UTC +1,1,+46,countries/Sweden_flag.png,countries/Sweden_anthem.ogg,,Europe,6.04,54.0,"2,233",2.0,"Finland (2): 614 km (382 mi) (including 0.5 km [0.3 mi] segment with Åland); Norway: 1,619 km (1,006 mi)","Blue, Gold"
167,Switzerland,https://en.wikipedia.org/wiki/Switzerland,Bern ( de facto ),"German (62%), French (23%), Italian (8%), Romansh (0.5%)",54.7% Christianity 30% Catholicism 18.7% Protestantism 6% other Christian 36.8% no religion 6% Islam 1.5% other religions 0.9% unanswered,"41,291 km²",9.1 million,,,(CHF),UTC +1,1,+41,countries/Switzerland_flag.png,countries/Switzerland_anthem.ogg,,Europe,11.27,15.0,"1,852",5.0,Austria (2): 164 km (102 mi); France: 573 km (356 mi); Italy (2): 740 km (460 mi); Liechtenstein: 41 km (25 mi); Germany (2): 334 km (208 mi),"Red, White"
168,Syria,https://en.wikipedia.org/wiki/Syria,Damascus,Kurdish,94.17% Islam  79.19% Sunni 14.1% Shia 10–13% Alawites 3.84% Christianity 1.99% other,"185,180 km²",26 million,,,SYP/LS,UTC +3,0,+963,countries/Syria_flag.png,countries/Syria_anthem.ogg,57.0,Asia,0.21,143.0,"2,253",5.0,Iraq: 605 km (376 mi); Israel: 76 km (47 mi); Jordan: 375 km (233 mi); Lebanon: 375 km (233 mi); Turkey (2): 822 km (511 mi),"Red, Black, Green, White"
169,São Tomé and Príncipe,https://en.wikipedia.org/wiki/S%C3%A3o_Tom%C3%A9_and_Pr%C3%ADncipe,São Tomé,Portuguese,81.1% Christianity 13.2% no religion 3.1% folk religions 2.4% others,964 km²,"200,000",,,(STN),UTC ±0,0,+239,countries/São_Tomé_and_Príncipe_flag.png,countries/São_Tomé_and_Príncipe_anthem.ogg,,,0.0,185.0,0,0.0,,
170,Tajikistan,https://en.wikipedia.org/wiki/Tajikistan,Dushanbe,Tajik Russian,97.5% Islam 0.7% Christianity 1.7% irreligion 0.2% others,"143,100 km²",10.8 million,,,(TJS),UTC +5,0,+992,countries/Tajikistan_flag.png,countries/Tajikistan_anthem.ogg,,Asia,1.78,93.0,"3,651",4.0,"Afghanistan: 1,206 km (749 mi); People's Republic of China: 414 km (257 mi); Kyrgyzstan (3): 870 km (540 mi); Uzbekistan (2): 1,161 km (721 mi)","Golden, Green, Red, White"
171,Tanzania,https://en.wikipedia.org/wiki/Tanzania,Dodoma,Swahili,63.1% Christianity 34.1% Islam 1.5% no religion 1.2% traditional faiths 0.1% others,"947,303 km²",67.5 million,,,(TZS),UTC +3,0,+255,countries/Tanzania_flag.png,countries/Tanzania_anthem.oga,33.0,Africa,0.6,126.0,"3,861",8.0,Burundi: 451 km (280 mi); Democratic Republic of the Congo: 459 km (285 mi); Kenya: 769 km (478 mi); Malawi: 475 km (295 mi); Mozambique: 756 km (470 mi); Rwanda: 217 km (135 mi); Uganda: 396 km (246 mi); Zambia: 338 km (210 mi),"Green, Black, Blue, Yellow"
172,Thailand,https://en.wikipedia.org/wiki/Thailand,Bangkok,Thai,93.46% Buddhism 5.37% Islam 1.13% Christianity 0.03% other,"513,120 km²",66 million,,,฿ (THB),UTC +7,0,+66,countries/Thailand_flag.png,countries/Thailand_anthem.ogg,8.0,Asia,8.64,33.0,"4,863",4.0,"Cambodia: 803 km (499 mi); Laos: 1,754 km (1,090 mi); Malaysia: 506 km (314 mi); Myanmar: 2,416 km (1,501 mi)","Red, Blue, White"
173,The Bahamas,https://en.wikipedia.org/wiki/The_Bahamas,Nassau,English,93.0% Christianity 75.1% Protestantism 17.9% other Christian 4.5% no religion 1.9% folk religions 0.6% other,"13,943 km²","400,000",,,(BSD),UTC -5,1,+1,countries/The_Bahamas_flag.png,countries/The_Bahamas_anthem.oga,,,,,,,,
174,The Gambia,https://en.wikipedia.org/wiki/The_Gambia,,List: Mandinka Pulaar Wolof Serer Jola English Balanta Arabic Jola-Fonyi Mandjak Mankanya Noon Dyula Soninke Fula Karon Kassonke Cangin Gambian Sign Language,95.7% Islam 4.2% Christianity 0.1% others,"11,300 km²",2.4 million,,,(GMD),UTC ±0,0,+220,countries/The_Gambia_flag.png,countries/The_Gambia_anthem.ogg,,,,,,,,
175,Timor-Leste,https://en.wikipedia.org/wiki/Timor-Leste,Dili,Portuguese Tetum,99.53% Christianity 97.57% Catholicism 1.96% Protestantism 0.24% Islam 0.23% other,"14,950 km²",1.4 million,,,(USD),UTC +9,0,+670,countries/Timor-Leste_flag.png,countries/Timor-Leste_anthem.ogg,,Asia,0.0,150.0,,,,
176,Togo,https://en.wikipedia.org/wiki/Togo,Lomé,French,50% Christianity 33% traditional faiths 16% Islam 1% Baháʼí faith,"56,785 km²",9.6 million,,,(XOF),UTC ±0,0,+228,countries/Togo_flag.png,countries/Togo_anthem.mp3,,Africa,1.01,113.0,"1,647",3.0,Benin: 644 km (400 mi); Burkina Faso: 126 km (78 mi); Ghana: 877 km (545 mi),"Green, Red, White, Yellow"
177,Tonga,https://en.wikipedia.org/wiki/Tonga,Nukuʻalofa,Tongan English,96.9% Christianity —64.1% Protestantism —18.6% Mormonism —14.2% Catholicism 0.5% no religion 0.1% unspecified 2.4% others,748 km²,"100,000",,,(TOP),UTC +13,0,+676,countries/Tonga_flag.png,countries/Tonga_anthem.ogg,,Oceania,0.0,152.0,0,0.0,,"Red, White"
178,Trinidad and Tobago,https://en.wikipedia.org/wiki/Trinidad_and_Tobago,Port of Spain,English,55.2% Christianity 18.2% Hinduism 5.0% Islam 8.3% Other 13.3% Irreligion /Not stated,"5,131 km²",1.5 million,,,(TTD),UTC -4,0,+1,countries/Trinidad_and_Tobago_flag.png,countries/Trinidad_and_Tobago_anthem.ogg,,North America,3.69,75.0,0,0.0,,
179,Tunisia,https://en.wikipedia.org/wiki/Tunisia,Tunis,Arabic,99% Sunni Islam  1% others,"163,610 km²",12 million,,,(TND),UTC +1,0,+216,countries/Tunisia_flag.png,countries/Tunisia_anthem.ogg,,Africa,0.89,117.0,"1,469",2.0,"Algeria: 1,010 km (630 mi); Libya: 459 km (285 mi)","Red, White"
180,Turkey,https://en.wikipedia.org/wiki/Turkey,Ankara,Turkish,Islam,"783,562 km²",86.1 million,,,₺ (TRY),UTC +3,0,+90,countries/Turkey_flag.png,countries/Turkey_anthem.oga,39.0,Asia,1.35,104.0,"2,648",8.0,Armenia: 268 km (167 mi); Azerbaijan: 9 km (5.6 mi); Bulgaria: 240 km (150 mi); Georgia: 252 km (157 mi); Greece: 206 km (128 mi); Iran: 499 km (310 mi); Iraq: 352 km (219 mi); Syria (2): 822 km (511 mi),"Red, White"
181,Turkmenistan,https://en.wikipedia.org/wiki/Turkmenistan,Ashgabat,Turkmen,95.8% Islam 3.0% no religion 1.1% Christianity 0.1% other,"491,210 km²",7.1 million,,,(TMT),UTC +5,0,+993,countries/Turkmenistan_flag.png,countries/Turkmenistan_anthem.mp3,,Asia,1.17,108.0,"3,736",4.0,"Afghanistan: 744 km (462 mi); Iran: 992 km (616 mi); Kazakhstan: 379 km (235 mi); Uzbekistan: 1,621 km (1,007 mi)","Green, White"
182,Tuvalu,https://en.wikipedia.org/wiki/Tuvalu,Funafuti,Tuvaluan English,96% Christianity 86% Calvinism ( official ) 10% other Christian 3% Other religions or not stated 1% Baháʼí Faith,26.26 km²,"11,000",,,(AUD),UTC +12,0,+688,countries/Tuvalu_flag.png,countries/Tuvalu_anthem.ogg,,Oceania,0.0,151.0,0,0.0,,"Dark Blue, Gold, Red, Sky Blue, White"
183,Uganda,https://en.wikipedia.org/wiki/Uganda,Kampala,English Swahili,81.7% Christianity 42% Roman Catholic 29% Protestant 13.2% Islam 3.3% unclassified 1.6% others 0.2% no religion,"241,038 km²",45.9 million,,,(UGX),UTC +3,0,+256,countries/Uganda_flag.png,countries/Uganda_anthem.mp3,,Africa,0.46,131.0,"2,698",5.0,Democratic Republic of the Congo: 765 km (475 mi); Kenya: 933 km (580 mi); Rwanda: 169 km (105 mi); South Sudan: 435 km (270 mi); Tanzania: 396 km (246 mi),"Blue, Red, White, Yellow"
184,Ukraine,https://en.wikipedia.org/wiki/Ukraine,Kyiv,Ukrainian,87.3% Christianity 11.0% no religion 0.8% other,"603,628 km²",32.9 million,,,₴ (UAH),UTC +2,1,+380,countries/Ukraine_flag.png,countries/Ukraine_anthem.mp3,11.0,Europe,2.31,86.0,"4,663",7.0,"Belarus: 891 km (554 mi); Hungary: 103 km (64 mi); Moldova: 939 km (583 mi); Poland: 526 km (327 mi); Romania (2): 531 km (330 mi); Russia: 1,576 km (979 mi); Slovakia: 91 km (57 mi)","Blue, Gold"
185,United Arab Emirates,https://en.wikipedia.org/wiki/United_Arab_Emirates,Abu Dhabi City Ajman City Dubai City Fujairah City Ras Al Khaimah City Sharjah City Umm Al Quwain City,Arabic,74.5% Islam ( official ) 63.3% Sunni Islam 6.7% Shia Islam 4.4% other 12.9% Christianity 6.2% Hinduism 3.2% Buddhism 1.3% Agnosticism 1.9% other,"83,600 km²",11 million,,,(AED),UTC +4,0,+971,countries/United_Arab_Emirates_flag.png,countries/United_Arab_Emirates_anthem.ogg,,Asia,3.06,78.0,867,2.0,Oman (4): 410 km (250 mi); Saudi Arabia: 457 km (284 mi),"Red, Black, Green, White"
186,United Kingdom,https://en.wikipedia.org/wiki/United_Kingdom,London,English,46.5% Christianity 37.8% no religion 6.0% Islam 1.6% Hinduism 0.8% Sikhism 0.4% Buddhism 0.4% Judaism 0.6% other 5.9% not stated,"244,376 km²",69.3 million,,,£ (GBP),UTC ±0,1,+44,countries/United_Kingdom_flag.png,countries/United_Kingdom_anthem.oga,,Europe,0.0,159.0,652.2,3.0,Cyprus (6): 152 km (94 mi); Ireland: 499 km (310 mi); Spain: 1.2 km (0.75 mi),"Red, Blue, White"
187,United States,https://en.wikipedia.org/wiki/United_States,"Washington, D.C.",English,65% Christianity 32% Protestantism 20% Catholicism 12% other Christian 1% Mormonism 24% unaffiliated 2% Judaism 6% other religion 3% unanswered,"9,833,520 km²",341.8 million,,,$ (USD),"UTC -4 to -12 , +10 , +11",1,+1,countries/United_States_flag.png,countries/United_States_anthem.mp3,,North America,8.9,29.0,"12,034",2.0,"Canada (4): 8,893 km (5,526 mi); Mexico: 3,141 km (1,952 mi)","Red, Blue, White"
188,Uruguay,https://en.wikipedia.org/wiki/Uruguay,Montevideo,Spanish  Uruguayan Sign Language,Christianity Roman Catholicism Mennonitism Methodism Mormonism Waldensians Baháʼí Buddhism Hinduism Islam Judaism Irreligion,"176,215 km²",3.5 million,,,(UYU),UTC -3,0,+598,countries/Uruguay_flag.png,countries/Uruguay_anthem.ogg,,South America,8.17,38.0,"1,564",2.0,Argentina: 579 km (360 mi); Brazil: 985 km (612 mi),"Blue, White"
189,Uzbekistan,https://en.wikipedia.org/wiki/Uzbekistan,Tashkent,Uzbek,94.78% Islam 3.89% Irreligion 1.04% Christianity 0.27% other religions,"448,978 km²",38.2 million,,,(UZS),UTC +5,0,+998,countries/Uzbekistan_flag.png,countries/Uzbekistan_anthem.ogg,,Asia,1.55,101.0,"6,221",5.0,"Afghanistan: 137 km (85 mi); Kazakhstan: 2,203 km (1,369 mi); Kyrgyzstan (6): 1,099 km (683 mi); Tajikistan (2): 1,161 km (721 mi); Turkmenistan: 1,621 km (1,007 mi)","Blue, Green, Red, White"
190,Vanuatu,https://en.wikipedia.org/wiki/Vanuatu,Port Vila,Bislama English French,93.4% Christianity 75.1% Protestantism 13.5% Catholicism 4.8% other Christian 4.6% Animism 1.4% Baháʼí Faith 0.6% other / none,"12,189 km²","300,000",,,(VUV),UTC +11,0,+678,countries/Vanuatu_flag.png,countries/Vanuatu_anthem.ogg,,Oceania,0.96,115.0,0,0.0,,"Red, Black, Green, Yellow"
191,Vatican City,https://en.wikipedia.org/wiki/Vatican_City,Vatican City ( city-state ),Italian ( de facto ) Latin ( de jure at Holy See ),Catholic Church,0.49 km²,882,,,€ (EUR),UTC +1,1,+379,countries/Vatican_City_flag.png,countries/Vatican_City_anthem.ogg,,Europe,,,3.2,1.0,Italy: 3.2 km (2.0 mi),
192,Venezuela,https://en.wikipedia.org/wiki/Venezuela,Caracas,Spanish,"92.6% Christianity 80.5% Catholicism 11.2% Protestantism 0.9% other Christian 5.5% no religion 1.1% Spiritism , Birongo 0.8% other","916,445 km²",31.8 million,,,(VED) (official),UTC -4,0,+58,countries/Venezuela_flag.png,countries/Venezuela_anthem.ogg,,South America,9.41,28.0,"4,993",3.0,"Brazil: 2,200 km (1,400 mi); Colombia: 2,050 km (1,270 mi); Guyana: 743 km (462 mi)","Yellow, Blue, Red"
193,Vietnam,https://en.wikipedia.org/wiki/Vietnam,Hanoi,Vietnamese,86.32% no religion / folk 6.1% Catholicism 4.79% Buddhism 1.02% Hoahaoism 1% Protestantism 0.58% Caodaism 0.07% Islam 0.12% other,"331,344.82 km²",102.3 million,,,₫ (VND),UTC +7,0,+84,countries/Vietnam_flag.png,countries/Vietnam_anthem.ogg,2.0,Asia,1.21,106.0,"4,639",3.0,"Cambodia: 1,228 km (763 mi); People's Republic of China: 1,281 km (796 mi); Laos: 2,130 km (1,320 mi)","Red, Yellow"
194,Yemen,https://en.wikipedia.org/wiki/Yemen,Sanaa,Arabic,~99.1% Islam ( official ) 65% Sunni 35% Zaydi ~0.9% other,"455,503 km²",32.7 million,,,(YER),UTC +3,0,+967,countries/Yemen_flag.png,countries/Yemen_anthem.ogg,,Asia,0.15,147.0,"1,746",2.0,"Oman: 288 km (179 mi); Saudi Arabia: 1,458 km (906 mi)","Red, Black, White"
195,Zambia,https://en.wikipedia.org/wiki/Zambia,Lusaka,English,95.5% Christianity ( official ) 2.7% Islam 1.8% other / none,"752,617 km²",20.2 million,,,(ZMW),UTC +2,0,+260,countries/Zambia_flag.png,countries/Zambia_anthem.mp3,,Africa,0.63,124.0,"5,667",8.0,"Angola: 1,110 km (690 mi); Botswana: 0.15 km (0.093 mi); Democratic Republic of the Congo: 1,930 km (1,200 mi); Malawi: 837 km (520 mi); Mozambique: 419 km (260 mi); Namibia: 233 km (145 mi); Tanzania: 338 km (210 mi); Zimbabwe: 797 km (495 mi)","Green, Black, Orange, Red"
196,Zimbabwe,https://en.wikipedia.org/wiki/Zimbabwe,Harare,Kunda Tswa Lozi,84.1% Christianity 69.2% Protestantism 14.9% other Christian 10.2% no religion 4.5% traditional faiths 1.2% others,"390,757 km²",17.2 million,,,(ZWG) (USD) (ZAR),UTC +2,0,+263,countries/Zimbabwe_flag.png,countries/Zimbabwe_anthem.ogg,52.0,Africa,2.78,79.0,"3,066",4.0,"Botswana: 813 km (505 mi); Mozambique: 1,231 km (765 mi); South Africa: 225 km (140 mi); Zambia: 797 km (495 mi)","Green, Black, Red, White, Yellow"
