"flagCode","country","continent","unMember"
"BR","Brazil","South America",true
"CO","Colombia","South America",true
"AR","Argentina","South America",true
"PE","Peru","South America",true
"VE","Venezuela","South America",true
"CL","Chile","South America",true
"EC","Ecuador","South America",true
"BO","Bolivia","South America",true
"PY","Paraguay","South America",true
"UY","Uruguay","South America",true
"GY","Guyana","South America",true
"SR","Suriname","South America",true
"GF","French Guiana","South America",false
"FK","Falkland Islands","South America",false
"AU","Australia","Oceania",true
"PG","Papua New Guinea","Oceania",true
"NZ","New Zealand","Oceania",true
"FJ","Fiji","Oceania",true
"SB","Solomon Islands","Oceania",true
"VU","Vanuatu","Oceania",true
"NC","New Caledonia","Oceania",false
"PF","French Polynesia","Oceania",false
"WS","Samoa","Oceania",true
"GU","Guam","Oceania",false
"KI","Kiribati","Oceania",true
"FM","Micronesia","Oceania",true
"TO","Tonga","Oceania",true
"AS","American Samoa","Oceania",false
"MP","Northern Mariana Islands","Oceania",false
"MH","Marshall Islands","Oceania",true
"PW","Palau","Oceania",true
"CK","Cook Islands","Oceania",false
"NR","Nauru","Oceania",true
"WF","Wallis and Futuna","Oceania",false
"TV","Tuvalu","Oceania",true
"TK","Tokelau","Oceania",false
"NU","Niue","Oceania",false
"US","United States","North America",true
"MX","Mexico","North America",true
"CA","Canada","North America",true
"GT","Guatemala","North America",true
"HT","Haiti","North America",true
"DO","Dominican Republic","North America",true
"HN","Honduras","North America",true
"CU","Cuba","North America",true
"NI","Nicaragua","North America",true
"SV","El Salvador","North America",true
"CR","Costa Rica","North America",true
"PA","Panama","North America",true
"PR","Puerto Rico","North America",false
"JM","Jamaica","North America",true
"TT","Trinidad and Tobago","North America",true
"BZ","Belize","North America",true
"BS","Bahamas","North America",true
"GP","Guadeloupe","North America",false
"MQ","Martinique","North America",false
"BB","Barbados","North America",true
"CW","Curacao","North America",false
"LC","Saint Lucia","North America",true
"GD","Grenada","North America",true
"AW","Aruba","North America",false
"VC","Saint Vincent and the Grenadines","North America",true
"AG","Antigua and Barbuda","North America",true
"VI","United States Virgin Islands","North America",false
"KY","Cayman Islands","North America",false
"DM","Dominica","North America",true
"BM","Bermuda","North America",false
"GL","Greenland","North America",false
"TC","Turks and Caicos Islands","North America",false
"KN","Saint Kitts and Nevis","North America",true
"SX","Sint Maarten","North America",false
"VG","British Virgin Islands","North America",false
"MF","Saint Martin","North America",false
"AI","Anguilla","North America",false
"BL","Saint Barthelemy","North America",false
"PM","Saint Pierre and Miquelon","North America",false
"MS","Montserrat","North America",false
"DE","Germany","Europe",true
"GB","United Kingdom","Europe",true
"FR","France","Europe",true
"IT","Italy","Europe",true
"ES","Spain","Europe",true
"UA","Ukraine","Europe",true
"PL","Poland","Europe",true
"RO","Romania","Europe",true
"NL","Netherlands","Europe",true
"BE","Belgium","Europe",true
"SE","Sweden","Europe",true
"CZ","Czechia","Europe",true
"PT","Portugal","Europe",true
"GR","Greece","Europe",true
"HU","Hungary","Europe",true
"AT","Austria","Europe",true
"CH","Switzerland","Europe",true
"BY","Belarus","Europe",true
"BG","Bulgaria","Europe",true
"RS","Serbia","Europe",true
"DK","Denmark","Europe",true
"NO","Norway","Europe",true
"FI","Finland","Europe",true
"SK","Slovakia","Europe",true
"IE","Ireland","Europe",true
"HR","Croatia","Europe",true
"BA","Bosnia and Herzegovina","Europe",true
"MD","Moldova","Europe",true
"LT","Lithuania","Europe",true
"AL","Albania","Europe",true
"SI","Slovenia","Europe",true
"LV","Latvia","Europe",true
"MK","North Macedonia","Europe",true
"CY","Cyprus","Europe",true
"EE","Estonia","Europe",true
"LU","Luxembourg","Europe",true
"ME","Montenegro","Europe",true
"MT","Malta","Europe",true
"IS","Iceland","Europe",true
"JE","Jersey","Europe",false
"IM","Isle of Man","Europe",false
"AD","Andorra","Europe",true
"GG","Guernsey","Europe",false
"FO","Faroe Islands","Europe",false
"GI","Gibraltar","Europe",false
"LI","Liechtenstein","Europe",true
"MC","Monaco","Europe",true
"SM","San Marino","Europe",true
"VA","Vatican City","Europe",true
"RU","Russia","Asia, Europe",true
"IN","India","Asia",true
"CN","China","Asia",true
"ID","Indonesia","Asia",true
"PK","Pakistan","Asia",true
"BD","Bangladesh","Asia",true
"JP","Japan","Asia",true
"PH","Philippines","Asia",true
"VN","Vietnam","Asia",true
"IR","Iran","Asia",true
"TR","Turkey","Asia",true
"TH","Thailand","Asia",true
"MM","Myanmar","Asia",true
"KR","South Korea","Asia",true
"IQ","Iraq","Asia",true
"AF","Afghanistan","Asia",true
"YE","Yemen","Asia",true
"UZ","Uzbekistan","Asia",true
"MY","Malaysia","Asia",true
"SA","Saudi Arabia","Asia",true
"NP","Nepal","Asia",true
"KP","North Korea","Asia",true
"SY","Syria","Asia",true
"LK","Sri Lanka","Asia",true
"TW","Taiwan","Asia",false
"KZ","Kazakhstan","Asia",true
"KH","Cambodia","Asia",true
"JO","Jordan","Asia",true
"AE","United Arab Emirates","Asia",true
"TJ","Tajikistan","Asia",true
"AZ","Azerbaijan","Asia",true
"IL","Israel","Asia",true
"LA","Laos","Asia",true
"TM","Turkmenistan","Asia",true
"KG","Kyrgyzstan","Asia",true
"HK","Hong Kong","Asia",false
"SG","Singapore","Asia",true
"LB","Lebanon","Asia",true
"PS","Palestine","Asia",true
"OM","Oman","Asia",true
"KW","Kuwait","Asia",true
"GE","Georgia","Asia",true
"MN","Mongolia","Asia",true
"QA","Qatar","Asia",true
"AM","Armenia","Asia",true
"BH","Bahrain","Asia",true
"TL","Timor-Leste","Asia",true
"BT","Bhutan","Asia",true
"MO","Macau","Asia",false
"MV","Maldives","Asia",true
"BN","Brunei","Asia",true
"NG","Nigeria","Africa",true
"ET","Ethiopia","Africa",true
"EG","Egypt","Africa",true
"CD","DR Congo","Africa",true
"TZ","Tanzania","Africa",true
"ZA","South Africa","Africa",true
"KE","Kenya","Africa",true
"SD","Sudan","Africa",true
"UG","Uganda","Africa",true
"DZ","Algeria","Africa",true
"AO","Angola","Africa",true
"MA","Morocco","Africa",true
"MZ","Mozambique","Africa",true
"GH","Ghana","Africa",true
"MG","Madagascar","Africa",true
"CI","Ivory Coast","Africa",true
"CM","Cameroon","Africa",true
"NE","Niger","Africa",true
"ML","Mali","Africa",true
"BF","Burkina Faso","Africa",true
"MW","Malawi","Africa",true
"ZM","Zambia","Africa",true
"TD","Chad","Africa",true
"SO","Somalia","Africa",true
"SN","Senegal","Africa",true
"ZW","Zimbabwe","Africa",true
"GN","Guinea","Africa",true
"BJ","Benin","Africa",true
"RW","Rwanda","Africa",true
"BI","Burundi","Africa",true
"SS","South Sudan","Africa",true
"TN","Tunisia","Africa",true
"TG","Togo","Africa",true
"SL","Sierra Leone","Africa",true
"LY","Libya","Africa",true
"CG","Republic of the Congo","Africa",true
"LR","Liberia","Africa",true
"CF","Central African Republic","Africa",true
"MR","Mauritania","Africa",true
"ER","Eritrea","Africa",true
"NA","Namibia","Africa",true
"GM","Gambia","Africa",true
"GA","Gabon","Africa",true
"BW","Botswana","Africa",true
"LS","Lesotho","Africa",true
"GW","Guinea-Bissau","Africa",true
"GQ","Equatorial Guinea","Africa",true
"SZ","Eswatini","Africa",true
"MU","Mauritius","Africa",true
"DJ","Djibouti","Africa",true
"KM","Comoros","Africa",true
"RE","Reunion","Africa",false
"EH","Western Sahara","Africa",false
"CV","Cape Verde","Africa",true
"YT","Mayotte","Africa",false
"ST","Sao Tome and Principe","Africa",true
"SC","Seychelles","Africa",true
"SH","Saint Helena Ascension and Tristan da Cunha","Africa",false